nr. sessions,nr. rest days,total kms,total km Z3-Z4-Z5-T1-T2,"nr. tough sessions (effort in Z5, T1 or T2)",nr. days with interval session,total km Z3-4,max km Z3-4 one day,total km Z5-T1-T2,max km Z5-T1-T2 one day,total hours alternative training,nr. strength trainings,nr. sessions.1,nr. rest days.1,total kms.1,max km one day.1,total km Z3-Z4-Z5-T1-T2.1,"nr. tough sessions (effort in Z5, T1 or T2).1",nr. days with interval session.1,total km Z3-4.1,max km Z3-4 one day.1,total km Z5-T1-T2.1,max km Z5-T1-T2 one day.1,total hours alternative training.1,nr. strength trainings.1,nr. sessions.2,nr. rest days.2,total kms.2,max km one day.2,total km Z3-Z4-Z5-T1-T2.2,"nr. tough sessions (effort in Z5, T1 or T2).2",nr. days with interval session.2,total km Z3-4.2,max km Z3-4 one day.2,total km Z5-T1-T2.2,max km Z5-T1-T2 one day.2,total hours alternative training.2,nr. strength trainings.2,Athlete ID,Date
0.0,7.0,0.0,0.0,0.0,0.0,0.0,0.0,0.0,0.0,0.0,0.0,0.0,7.0,0.0,0.0,0.0,0.0,0.0,0.0,0.0,0.0,0.0,0.0,0.0,0.0,7.0,0.0,0.0,0.0,0.0,0.0,0.0,0.0,0.0,0.0,0.0,0.0,1,155
6.0,1.0,91.3,17.3,3.0,3.0,3.6,3.6,12.8,6.4,0.0,0.0,9.0,0.0,129.7,29.7,9.2,1.0,2.0,1.5,1.5,7.2,7.2,0.0,0.0,8.0,0.0,131.1,37.0,19.1,2.0,3.0,11.0,9.0,7.0,6.0,0.0,0.0,1,272
0.0,7.0,0.0,0.0,0.0,0.0,0.0,0.0,0.0,0.0,0.0,0.0,0.0,7.0,0.0,0.0,0.0,0.0,0.0,0.0,0.0,0.0,0.0,0.0,0.0,0.0,7.0,0.0,0.0,0.0,0.0,0.0,0.0,0.0,0.0,0.0,0.0,0.0,1,196
8.0,0.0,159.1,22.1,0.0,3.0,21.8,9.0,0.0,0.0,0.0,0.0,8.0,0.0,160.6,30.3,40.6,0.0,3.0,40.0,20.0,0.0,0.0,0.0,0.0,9.0,0.0,180.9,31.4,40.4,0.0,3.0,39.0,18.0,0.0,0.0,0.0,0.0,1,239
0.0,7.0,0.0,0.0,0.0,0.0,0.0,0.0,0.0,0.0,0.0,0.0,0.0,7.0,0.0,0.0,0.0,0.0,0.0,0.0,0.0,0.0,0.0,0.0,0.0,0.0,7.0,0.0,0.0,0.0,0.0,0.0,0.0,0.0,0.0,0.0,0.0,0.0,1,188
9.0,0.0,162.0,18.0,1.0,2.0,8.0,8.0,10.0,10.0,0.0,0.0,12.0,0.0,210.0,38.0,39.0,2.0,3.0,10.0,10.0,29.0,17.0,0.0,0.0,10.0,0.0,203.6,44.0,23.6,0.0,2.0,23.6,14.0,0.0,0.0,0.0,0.0,1,703
7.0,1.0,157.0,26.0,1.0,2.0,18.0,18.0,8.0,8.0,0.0,0.0,9.0,0.0,191.0,35.0,47.0,1.0,4.0,41.0,17.0,6.0,6.0,0.0,0.0,10.0,0.0,152.6,34.0,28.1,1.0,2.0,21.1,21.1,7.0,7.0,0.0,0.0,1,740
0.0,7.0,0.0,0.0,0.0,0.0,0.0,0.0,0.0,0.0,0.0,0.0,0.0,7.0,0.0,0.0,0.0,0.0,0.0,0.0,0.0,0.0,0.0,0.0,0.0,0.0,7.0,0.0,0.0,0.0,0.0,0.0,0.0,0.0,0.0,0.0,0.0,0.0,1,106
6.0,2.0,108.3,10.3,0.0,1.0,10.0,10.0,0.0,0.0,0.0,0.0,8.0,1.0,141.5,35.5,0.0,0.0,0.0,0.0,0.0,0.0,0.0,0.0,0.0,7.0,2.0,143.0,38.0,18.0,0.0,2.0,18.0,9.0,0.0,0.0,0.0,0.0,1,353
9.0,0.0,149.3,28.3,1.0,2.0,21.0,21.0,7.0,7.0,0.0,0.0,8.0,0.0,188.3,37.0,32.3,1.0,4.0,24.0,18.0,8.0,8.0,0.0,0.0,9.0,0.0,210.1,41.0,60.1,0.0,4.0,59.5,19.5,0.0,0.0,0.0,1.0,1,63
8.0,1.0,154.3,26.3,1.0,3.0,20.0,10.0,6.0,6.0,0.0,1.0,11.0,0.0,217.3,39.3,35.3,0.0,3.0,34.0,14.0,0.0,0.0,0.0,0.0,6.0,1.0,114.9,23.3,31.9,1.0,3.0,25.0,15.0,6.0,6.0,0.0,0.0,1,319
8.0,1.0,141.5,8.5,0.0,1.0,8.0,8.0,0.0,0.0,0.0,0.0,12.0,0.0,201.0,35.0,20.5,0.0,2.0,20.0,12.0,0.0,0.0,0.0,0.0,9.0,0.0,157.6,36.5,37.0,0.0,3.0,36.0,12.0,0.0,0.0,0.0,0.0,1,395
11.0,0.0,198.5,40.5,1.0,3.0,32.0,20.0,7.5,7.5,0.0,0.0,11.0,0.0,208.3,40.0,22.3,0.0,2.0,22.0,12.0,0.0,0.0,0.0,0.0,9.0,1.0,148.0,31.5,17.0,0.0,2.0,16.0,8.0,0.0,0.0,0.0,0.0,1,406
8.0,0.0,162.6,39.6,0.0,3.0,39.0,20.0,0.0,0.0,0.0,0.0,9.0,0.0,173.9,31.4,31.4,0.0,2.0,30.0,18.0,0.0,0.0,0.0,0.0,9.0,0.0,169.8,35.0,24.4,0.0,2.0,24.0,20.0,0.0,0.0,0.0,0.0,1,230
0.0,7.0,0.0,0.0,0.0,0.0,0.0,0.0,0.0,0.0,0.0,0.0,0.0,7.0,0.0,0.0,0.0,0.0,0.0,0.0,0.0,0.0,0.0,0.0,0.0,2.0,5.0,41.0,30.0,3.0,0.0,1.0,3.0,3.0,0.0,0.0,0.0,0.0,1,89
11.0,0.0,202.5,20.5,1.0,2.0,12.0,12.0,7.5,7.5,0.0,0.0,11.0,0.0,184.3,34.3,22.3,0.0,2.0,22.0,12.0,0.0,0.0,0.0,0.0,9.0,1.0,167.0,35.0,17.0,0.0,2.0,16.0,8.0,0.0,0.0,0.0,0.0,1,405
0.0,7.0,0.0,0.0,0.0,0.0,0.0,0.0,0.0,0.0,0.0,0.0,0.0,7.0,0.0,0.0,0.0,0.0,0.0,0.0,0.0,0.0,0.0,0.0,0.0,0.0,7.0,0.0,0.0,0.0,0.0,0.0,0.0,0.0,0.0,0.0,0.0,0.0,1,93
8.0,0.0,163.7,38.7,0.0,3.0,37.0,18.0,0.0,0.0,0.0,0.0,9.0,0.0,170.9,29.0,32.4,0.0,2.0,32.0,20.0,0.0,0.0,0.0,0.0,9.0,0.0,164.9,35.0,17.5,0.0,2.0,16.0,12.0,0.0,0.0,0.0,0.0,1,229
11.0,0.0,217.3,35.3,0.0,3.0,34.0,14.0,0.0,0.0,0.0,0.0,6.0,1.0,114.9,23.3,31.9,1.0,3.0,25.0,15.0,6.0,6.0,0.0,0.0,7.0,1.0,121.3,34.5,17.8,1.0,3.0,16.0,10.0,1.0,1.0,0.0,0.0,1,312
8.0,0.0,173.6,31.6,1.0,3.0,24.0,14.0,6.0,6.0,0.0,0.0,5.0,2.0,72.1,21.3,22.6,1.0,3.0,21.0,15.0,1.0,1.0,0.0,0.0,8.0,0.0,143.5,34.5,20.5,1.0,3.0,15.4,10.0,4.0,4.0,0.0,0.0,1,309
0.0,7.0,0.0,0.0,0.0,0.0,0.0,0.0,0.0,0.0,0.0,0.0,0.0,7.0,0.0,0.0,0.0,0.0,0.0,0.0,0.0,0.0,0.0,0.0,0.0,0.0,7.0,0.0,0.0,0.0,0.0,0.0,0.0,0.0,0.0,0.0,0.0,0.0,1,92
6.0,1.0,141.3,12.3,2.0,2.0,0.0,0.0,12.0,6.0,0.0,0.0,10.0,0.0,187.3,35.0,38.3,0.0,4.0,38.0,12.0,0.0,0.0,0.75,0.0,11.0,0.0,195.3,36.0,31.3,2.0,3.0,12.0,12.0,19.0,10.0,0.75,0.0,1,18
0.0,7.0,0.0,0.0,0.0,0.0,0.0,0.0,0.0,0.0,0.0,0.0,0.0,7.0,0.0,0.0,0.0,0.0,0.0,0.0,0.0,0.0,0.0,0.0,0.0,0.0,7.0,0.0,0.0,0.0,0.0,0.0,0.0,0.0,0.0,0.0,0.0,0.0,1,145
0.0,7.0,0.0,0.0,0.0,0.0,0.0,0.0,0.0,0.0,0.0,0.0,0.0,7.0,0.0,0.0,0.0,0.0,0.0,0.0,0.0,0.0,0.0,0.0,0.0,0.0,7.0,0.0,0.0,0.0,0.0,0.0,0.0,0.0,0.0,0.0,0.0,0.0,1,158
0.0,7.0,0.0,0.0,0.0,0.0,0.0,0.0,0.0,0.0,0.0,0.0,0.0,7.0,0.0,0.0,0.0,0.0,0.0,0.0,0.0,0.0,0.0,0.0,0.0,0.0,7.0,0.0,0.0,0.0,0.0,0.0,0.0,0.0,0.0,0.0,0.0,0.0,1,150
7.0,0.0,103.6,22.6,2.0,2.0,12.0,12.0,10.0,6.0,0.0,0.0,8.0,0.0,159.1,29.0,22.1,0.0,3.0,21.8,9.0,0.0,0.0,0.0,0.0,8.0,0.0,160.6,30.3,40.6,0.0,3.0,40.0,20.0,0.0,0.0,0.0,0.0,1,246
5.0,2.0,106.9,17.5,0.0,2.0,16.0,12.0,0.0,0.0,0.0,0.0,0.0,7.0,0.0,0.0,0.0,0.0,0.0,0.0,0.0,0.0,0.0,0.0,0.0,0.0,7.0,0.0,0.0,0.0,0.0,0.0,0.0,0.0,0.0,0.0,0.0,0.0,1,213
10.0,0.0,174.8,10.3,0.0,1.0,10.0,10.0,0.0,0.0,0.0,0.0,4.0,3.0,94.0,38.0,9.0,0.0,1.0,9.0,9.0,0.0,0.0,0.0,0.0,10.0,0.0,202.0,38.0,26.0,1.0,3.0,20.0,11.0,6.0,6.0,0.0,0.0,1,348
7.0,0.0,106.3,25.3,2.0,2.0,18.0,12.0,7.0,4.0,0.0,0.0,8.0,0.0,156.4,29.0,19.4,1.0,3.0,12.8,6.8,6.0,6.0,0.0,0.0,8.0,0.0,157.3,30.3,39.3,0.0,3.0,39.0,20.0,0.0,0.0,0.0,0.0,1,247
8.0,0.0,130.0,27.0,0.0,2.0,27.0,21.0,0.0,0.0,0.0,0.0,8.0,0.0,181.3,32.0,31.3,1.0,4.0,24.0,18.0,7.0,7.0,0.0,0.0,9.0,0.0,207.1,41.0,58.1,1.0,4.0,49.5,19.5,8.0,8.0,0.0,1.0,1,66
10.0,0.0,168.0,45.5,1.0,5.0,36.0,10.0,8.0,8.0,0.0,0.0,10.0,0.0,175.3,34.0,26.3,2.0,3.0,9.0,9.0,16.2,10.0,0.0,0.0,6.0,1.0,82.9,16.0,10.9,2.0,2.0,3.6,3.6,6.4,4.0,0.0,0.0,1,287
9.0,0.0,150.0,14.0,1.0,2.0,8.0,8.0,6.0,6.0,0.0,0.0,11.0,0.0,181.0,38.0,22.0,2.0,2.0,0.0,0.0,22.0,12.0,0.0,0.0,11.0,0.0,209.0,42.0,27.0,1.0,2.0,10.0,10.0,17.0,17.0,0.0,0.0,1,707
0.0,7.0,0.0,0.0,0.0,0.0,0.0,0.0,0.0,0.0,0.0,0.0,0.0,7.0,0.0,0.0,0.0,0.0,0.0,0.0,0.0,0.0,0.0,0.0,0.0,0.0,7.0,0.0,0.0,0.0,0.0,0.0,0.0,0.0,0.0,0.0,0.0,0.0,1,140
0.0,7.0,0.0,0.0,0.0,0.0,0.0,0.0,0.0,0.0,0.0,0.0,0.0,7.0,0.0,0.0,0.0,0.0,0.0,0.0,0.0,0.0,0.0,0.0,0.0,0.0,7.0,0.0,0.0,0.0,0.0,0.0,0.0,0.0,0.0,0.0,0.0,0.0,1,101
7.0,1.0,112.4,27.4,0.0,2.0,27.1,21.1,0.0,0.0,0.0,0.0,6.0,2.0,111.0,30.0,9.0,0.0,1.0,9.0,9.0,0.0,0.0,0.0,0.0,9.0,0.0,163.8,35.5,10.3,0.0,1.0,10.0,10.0,0.0,0.0,0.0,0.0,1,361
7.0,0.0,111.6,22.6,2.0,2.0,12.0,12.0,10.0,6.0,0.0,0.0,8.0,0.0,160.1,29.0,22.1,0.0,3.0,21.8,9.0,0.0,0.0,0.0,0.0,8.0,0.0,156.6,30.3,40.6,0.0,3.0,40.0,20.0,0.0,0.0,0.0,0.0,1,245
10.0,0.0,173.1,41.5,0.0,3.0,41.0,17.0,0.0,0.0,0.0,0.0,11.0,0.0,174.3,35.0,18.3,0.0,2.0,17.0,10.0,0.0,0.0,0.0,0.0,10.0,1.0,153.5,36.0,6.5,0.0,1.0,6.0,6.0,0.0,0.0,0.0,0.0,1,379
7.0,1.0,148.0,14.0,1.0,2.0,8.0,8.0,6.0,6.0,0.75,0.0,10.0,0.0,183.6,35.0,39.6,1.0,4.0,30.0,12.0,9.0,9.0,0.75,0.0,10.0,0.0,196.3,36.0,32.3,2.0,3.0,12.0,12.0,20.0,10.0,0.0,0.0,1,17
0.0,7.0,0.0,0.0,0.0,0.0,0.0,0.0,0.0,0.0,0.0,0.0,0.0,7.0,0.0,0.0,0.0,0.0,0.0,0.0,0.0,0.0,0.0,0.0,0.0,0.0,7.0,0.0,0.0,0.0,0.0,0.0,0.0,0.0,0.0,0.0,0.0,0.0,1,146
8.0,1.0,116.1,13.1,2.0,2.0,3.6,3.6,8.6,6.2,0.0,0.0,8.0,0.0,94.0,17.0,12.5,2.0,3.0,1.5,1.5,10.4,6.4,0.0,0.0,8.0,0.0,151.2,29.7,20.2,2.0,3.0,11.0,9.0,8.2,7.2,0.0,0.0,1,276
10.0,0.0,183.6,28.1,2.0,3.0,9.0,9.0,18.0,10.0,0.0,0.0,8.0,1.0,116.1,34.0,13.1,2.0,2.0,3.6,3.6,8.6,6.2,0.0,0.0,8.0,0.0,94.0,17.0,12.5,2.0,3.0,1.5,1.5,10.4,6.4,0.0,0.0,1,283
10.0,1.0,190.0,28.0,2.0,3.0,20.0,13.0,8.0,6.0,0.75,1.0,7.0,0.0,113.6,30.0,28.6,3.0,3.0,0.0,0.0,28.0,12.0,0.0,0.0,7.0,1.0,141.0,38.0,14.0,1.0,2.0,8.0,8.0,6.0,6.0,0.75,0.0,1,30
0.0,7.0,0.0,0.0,0.0,0.0,0.0,0.0,0.0,0.0,0.0,0.0,0.0,7.0,0.0,0.0,0.0,0.0,0.0,0.0,0.0,0.0,0.0,0.0,0.0,0.0,7.0,0.0,0.0,0.0,0.0,0.0,0.0,0.0,0.0,0.0,0.0,0.0,1,114
7.0,1.0,135.0,8.0,1.0,1.0,0.0,0.0,8.0,8.0,0.0,0.0,9.0,0.0,196.0,35.0,48.0,1.0,4.0,42.0,18.0,6.0,6.0,0.0,0.0,10.0,0.0,170.6,34.0,45.1,1.0,3.0,38.1,21.1,7.0,7.0,0.0,0.0,1,741
0.0,7.0,0.0,0.0,0.0,0.0,0.0,0.0,0.0,0.0,0.0,0.0,0.0,7.0,0.0,0.0,0.0,0.0,0.0,0.0,0.0,0.0,0.0,0.0,0.0,0.0,7.0,0.0,0.0,0.0,0.0,0.0,0.0,0.0,0.0,0.0,0.0,0.0,1,103
9.0,0.0,145.2,18.7,1.0,3.0,10.5,9.0,7.2,7.2,0.0,0.0,7.0,1.0,111.6,37.0,9.6,2.0,2.0,2.0,2.0,7.0,6.0,0.0,0.0,7.0,0.0,113.3,24.3,30.3,4.0,4.0,18.0,12.0,12.0,4.0,0.0,0.0,1,264
10.0,0.0,172.0,30.0,2.0,3.0,8.0,8.0,22.0,12.0,0.0,0.0,11.0,0.0,200.0,38.0,27.0,1.0,2.0,10.0,10.0,17.0,17.0,0.0,0.0,11.0,0.0,199.7,44.0,23.6,0.0,2.0,23.6,14.0,0.0,0.0,0.5,0.0,1,702
0.0,7.0,0.0,0.0,0.0,0.0,0.0,0.0,0.0,0.0,0.0,0.0,0.0,7.0,0.0,0.0,0.0,0.0,0.0,0.0,0.0,0.0,0.0,0.0,0.0,0.0,7.0,0.0,0.0,0.0,0.0,0.0,0.0,0.0,0.0,0.0,0.0,0.0,1,176
0.0,7.0,0.0,0.0,0.0,0.0,0.0,0.0,0.0,0.0,0.0,0.0,0.0,7.0,0.0,0.0,0.0,0.0,0.0,0.0,0.0,0.0,0.0,0.0,0.0,0.0,7.0,0.0,0.0,0.0,0.0,0.0,0.0,0.0,0.0,0.0,0.0,0.0,1,205
0.0,7.0,0.0,0.0,0.0,0.0,0.0,0.0,0.0,0.0,0.0,0.0,0.0,7.0,0.0,0.0,0.0,0.0,0.0,0.0,0.0,0.0,0.0,0.0,0.0,0.0,7.0,0.0,0.0,0.0,0.0,0.0,0.0,0.0,0.0,0.0,0.0,0.0,1,116
0.0,7.0,0.0,0.0,0.0,0.0,0.0,0.0,0.0,0.0,0.0,0.0,0.0,7.0,0.0,0.0,0.0,0.0,0.0,0.0,0.0,0.0,0.0,0.0,0.0,0.0,7.0,0.0,0.0,0.0,0.0,0.0,0.0,0.0,0.0,0.0,0.0,0.0,1,168
11.0,0.0,183.6,24.5,0.0,2.0,24.0,12.0,0.0,0.0,0.0,0.0,11.0,0.0,165.5,38.0,36.5,0.0,3.0,36.0,17.0,0.0,0.0,0.0,0.0,12.0,0.0,189.8,36.0,11.8,0.0,1.0,10.0,10.0,0.0,0.0,0.0,0.0,1,383
0.0,7.0,0.0,0.0,0.0,0.0,0.0,0.0,0.0,0.0,0.0,0.0,0.0,7.0,0.0,0.0,0.0,0.0,0.0,0.0,0.0,0.0,0.0,0.0,0.0,0.0,7.0,0.0,0.0,0.0,0.0,0.0,0.0,0.0,0.0,0.0,0.0,0.0,1,120
8.0,0.0,157.3,39.3,0.0,3.0,39.0,20.0,0.0,0.0,0.0,0.0,9.0,0.0,177.7,31.4,38.7,0.0,3.0,37.0,18.0,0.0,0.0,0.0,0.0,9.0,0.0,170.9,35.0,32.4,0.0,2.0,32.0,20.0,0.0,0.0,0.0,0.0,1,233
0.0,7.0,0.0,0.0,0.0,0.0,0.0,0.0,0.0,0.0,0.0,0.0,0.0,7.0,0.0,0.0,0.0,0.0,0.0,0.0,0.0,0.0,0.0,0.0,0.0,0.0,7.0,0.0,0.0,0.0,0.0,0.0,0.0,0.0,0.0,0.0,0.0,0.0,1,112
7.0,1.0,115.3,17.8,1.0,3.0,16.0,10.0,1.0,1.0,0.0,0.0,7.0,0.0,108.6,19.0,28.6,1.0,4.0,23.4,10.0,4.0,4.0,0.0,0.0,10.0,0.0,182.9,38.0,36.4,1.0,4.0,27.0,10.0,8.0,8.0,0.0,0.0,1,299
9.0,0.0,166.2,20.2,2.0,3.0,11.0,9.0,8.2,7.2,0.0,0.0,6.0,1.0,90.6,18.0,11.6,3.0,3.0,0.0,0.0,11.0,6.0,0.0,0.0,7.0,0.0,106.3,24.3,25.3,2.0,2.0,18.0,12.0,7.0,4.0,0.0,0.0,1,261
0.0,7.0,0.0,0.0,0.0,0.0,0.0,0.0,0.0,0.0,0.0,0.0,0.0,7.0,0.0,0.0,0.0,0.0,0.0,0.0,0.0,0.0,0.0,0.0,0.0,0.0,7.0,0.0,0.0,0.0,0.0,0.0,0.0,0.0,0.0,0.0,0.0,0.0,1,136
0.0,7.0,0.0,0.0,0.0,0.0,0.0,0.0,0.0,0.0,0.0,0.0,0.0,7.0,0.0,0.0,0.0,0.0,0.0,0.0,0.0,0.0,0.0,0.0,0.0,0.0,7.0,0.0,0.0,0.0,0.0,0.0,0.0,0.0,0.0,0.0,0.0,0.0,1,190
7.0,1.0,145.3,16.3,1.0,2.0,10.0,10.0,6.0,6.0,0.0,0.0,11.0,0.0,220.3,39.3,30.3,0.0,3.0,30.0,12.0,0.0,0.0,0.0,1.0,8.0,0.0,166.6,37.0,31.6,1.0,3.0,24.0,14.0,6.0,6.0,0.0,0.0,1,322
8.0,0.0,152.4,46.4,0.0,4.0,45.8,20.0,0.0,0.0,0.0,0.0,8.0,0.0,163.7,31.4,38.7,0.0,3.0,37.0,18.0,0.0,0.0,0.0,0.0,9.0,0.0,170.9,29.0,32.4,0.0,2.0,32.0,20.0,0.0,0.0,0.0,0.0,1,236
0.0,7.0,0.0,0.0,0.0,0.0,0.0,0.0,0.0,0.0,0.0,0.0,0.0,7.0,0.0,0.0,0.0,0.0,0.0,0.0,0.0,0.0,0.0,0.0,0.0,0.0,7.0,0.0,0.0,0.0,0.0,0.0,0.0,0.0,0.0,0.0,0.0,0.0,1,126
7.0,1.0,121.3,17.8,1.0,3.0,16.0,10.0,1.0,1.0,0.0,0.0,8.0,0.0,121.9,29.3,36.9,1.0,5.0,31.4,10.0,4.0,4.0,0.0,0.0,10.0,0.0,183.6,38.0,28.1,1.0,3.0,19.0,10.0,8.0,8.0,0.0,0.0,1,298
2.0,5.0,45.5,13.5,0.0,1.0,12.0,12.0,0.0,0.0,0.0,0.0,0.0,7.0,0.0,0.0,0.0,0.0,0.0,0.0,0.0,0.0,0.0,0.0,0.0,0.0,7.0,0.0,0.0,0.0,0.0,0.0,0.0,0.0,0.0,0.0,0.0,0.0,1,210
11.0,0.0,175.5,29.5,0.0,2.0,29.0,17.0,0.0,0.0,0.0,0.0,11.0,0.0,172.8,35.0,18.8,0.0,2.0,17.0,10.0,0.0,0.0,0.0,0.0,9.0,1.0,145.0,36.0,6.0,0.0,1.0,6.0,6.0,0.0,0.0,0.0,0.0,1,378
9.0,0.0,163.8,10.3,0.0,1.0,10.0,10.0,0.0,0.0,0.0,0.0,5.0,3.0,111.0,38.0,9.0,0.0,1.0,9.0,9.0,0.0,0.0,0.0,0.0,10.0,0.0,195.0,38.0,26.0,1.0,3.0,20.0,11.0,6.0,6.0,0.0,0.0,1,347
11.0,0.0,194.4,25.4,1.0,3.0,20.6,11.0,4.5,4.5,0.0,0.0,7.0,1.0,145.3,36.0,16.3,1.0,2.0,10.0,10.0,6.0,6.0,0.0,0.0,11.0,0.0,220.3,39.3,30.3,0.0,3.0,30.0,12.0,0.0,0.0,0.0,1.0,1,329
0.0,7.0,0.0,0.0,0.0,0.0,0.0,0.0,0.0,0.0,0.0,0.0,0.0,7.0,0.0,0.0,0.0,0.0,0.0,0.0,0.0,0.0,0.0,0.0,0.0,0.0,7.0,0.0,0.0,0.0,0.0,0.0,0.0,0.0,0.0,0.0,0.0,0.0,1,133
7.0,1.0,160.0,30.0,2.0,3.0,20.0,13.0,10.0,8.0,0.0,1.0,10.0,0.0,144.3,38.0,28.3,3.0,3.0,0.0,0.0,28.0,12.0,0.75,0.0,6.0,1.0,138.3,38.0,12.3,2.0,2.0,0.0,0.0,12.0,6.0,0.0,0.0,1,33
9.0,0.0,149.6,31.1,1.0,2.0,21.1,21.1,10.0,10.0,0.0,0.0,8.0,0.0,150.5,35.0,23.0,0.0,2.0,23.0,15.0,0.0,0.0,0.0,0.0,9.0,0.0,154.0,30.0,14.0,1.0,2.0,8.0,8.0,6.0,6.0,0.0,0.0,1,722
0.0,7.0,0.0,0.0,0.0,0.0,0.0,0.0,0.0,0.0,0.0,0.0,0.0,7.0,0.0,0.0,0.0,0.0,0.0,0.0,0.0,0.0,0.0,0.0,0.0,0.0,7.0,0.0,0.0,0.0,0.0,0.0,0.0,0.0,0.0,0.0,0.0,0.0,1,162
7.0,1.0,164.0,21.0,1.0,2.0,13.0,13.0,8.0,8.0,0.0,0.0,10.0,0.0,157.3,38.0,37.3,4.0,4.0,7.0,7.0,30.0,12.0,0.75,1.0,7.0,0.0,144.3,38.0,12.3,2.0,2.0,0.0,0.0,12.0,6.0,0.0,0.0,1,34
8.0,0.0,169.3,37.3,1.0,3.0,17.0,10.0,20.0,20.0,0.0,0.0,7.0,0.0,151.3,41.0,38.3,2.0,4.0,22.0,21.0,16.0,8.0,0.0,0.0,10.0,1.0,190.0,41.0,28.0,2.0,3.0,20.0,13.0,8.0,6.0,0.75,1.0,1,44
0.0,7.0,0.0,0.0,0.0,0.0,0.0,0.0,0.0,0.0,0.0,0.0,0.0,7.0,0.0,0.0,0.0,0.0,0.0,0.0,0.0,0.0,0.0,0.0,0.0,0.0,7.0,0.0,0.0,0.0,0.0,0.0,0.0,0.0,0.0,0.0,0.0,0.0,1,97
0.0,7.0,0.0,0.0,0.0,0.0,0.0,0.0,0.0,0.0,0.0,0.0,0.0,7.0,0.0,0.0,0.0,0.0,0.0,0.0,0.0,0.0,0.0,0.0,0.0,6.0,1.0,115.0,30.0,9.0,0.0,2.0,9.0,6.0,0.0,0.0,0.0,0.0,1,85
8.0,0.0,165.3,13.3,1.0,3.0,6.0,4.0,7.0,7.0,0.0,0.0,8.0,0.0,193.6,41.0,56.6,1.0,4.0,48.0,18.0,8.0,8.0,0.0,1.0,9.0,0.0,190.8,38.0,49.8,1.0,3.0,29.5,19.5,20.0,20.0,0.0,0.0,1,61
0.0,7.0,0.0,0.0,0.0,0.0,0.0,0.0,0.0,0.0,0.0,0.0,0.0,7.0,0.0,0.0,0.0,0.0,0.0,0.0,0.0,0.0,0.0,0.0,0.0,0.0,7.0,0.0,0.0,0.0,0.0,0.0,0.0,0.0,0.0,0.0,0.0,0.0,1,167
0.0,7.0,0.0,0.0,0.0,0.0,0.0,0.0,0.0,0.0,0.0,0.0,0.0,7.0,0.0,0.0,0.0,0.0,0.0,0.0,0.0,0.0,0.0,0.0,0.0,0.0,7.0,0.0,0.0,0.0,0.0,0.0,0.0,0.0,0.0,0.0,0.0,0.0,1,199
0.0,7.0,0.0,0.0,0.0,0.0,0.0,0.0,0.0,0.0,0.0,0.0,0.0,7.0,0.0,0.0,0.0,0.0,0.0,0.0,0.0,0.0,0.0,0.0,0.0,0.0,7.0,0.0,0.0,0.0,0.0,0.0,0.0,0.0,0.0,0.0,0.0,0.0,1,173
11.0,0.0,208.3,22.3,0.0,2.0,22.0,12.0,0.0,0.0,0.0,0.0,9.0,1.0,148.0,31.5,17.0,0.0,2.0,16.0,8.0,0.0,0.0,0.0,0.0,10.0,0.0,185.6,36.5,36.5,0.0,3.0,36.0,12.0,0.0,0.0,0.0,0.0,1,399
6.0,1.0,93.3,14.3,3.0,3.0,6.0,6.0,8.0,3.0,0.0,0.0,7.0,0.0,103.6,24.3,22.6,2.0,2.0,12.0,12.0,10.0,6.0,0.0,0.0,8.0,0.0,159.1,29.0,22.1,0.0,3.0,21.8,9.0,0.0,0.0,0.0,0.0,1,253
9.0,0.0,197.0,36.0,1.0,3.0,30.0,18.0,6.0,6.0,0.0,0.0,10.0,0.0,184.0,34.0,36.0,1.0,3.0,29.0,17.0,7.0,7.0,0.0,0.0,9.0,0.0,149.6,34.0,31.1,1.0,2.0,21.1,21.1,10.0,10.0,0.0,0.0,1,736
9.0,1.0,149.0,17.0,0.0,2.0,16.0,8.0,0.0,0.0,0.0,0.0,11.0,0.0,187.0,36.5,24.5,0.0,2.0,24.0,12.0,0.0,0.0,0.0,0.0,10.0,0.0,173.1,38.0,41.5,0.0,3.0,41.0,17.0,0.0,0.0,0.0,0.0,1,393
8.0,0.0,166.6,31.6,1.0,3.0,24.0,14.0,6.0,6.0,0.0,0.0,5.0,2.0,72.1,21.3,22.6,1.0,3.0,21.0,15.0,1.0,1.0,0.0,0.0,8.0,0.0,140.5,34.5,20.5,1.0,3.0,15.4,10.0,4.0,4.0,0.0,0.0,1,308
0.0,7.0,0.0,0.0,0.0,0.0,0.0,0.0,0.0,0.0,0.0,0.0,0.0,7.0,0.0,0.0,0.0,0.0,0.0,0.0,0.0,0.0,0.0,0.0,0.0,0.0,7.0,0.0,0.0,0.0,0.0,0.0,0.0,0.0,0.0,0.0,0.0,0.0,1,108
6.0,2.0,111.0,9.0,0.0,1.0,9.0,9.0,0.0,0.0,0.0,0.0,9.0,0.0,163.8,35.5,10.3,0.0,1.0,10.0,10.0,0.0,0.0,0.0,0.0,5.0,3.0,111.0,38.0,9.0,0.0,1.0,9.0,9.0,0.0,0.0,0.0,0.0,1,354
9.0,0.0,161.8,24.4,0.0,2.0,24.0,20.0,0.0,0.0,0.0,0.0,3.0,4.0,67.5,23.5,13.5,0.0,1.0,12.0,12.0,0.0,0.0,0.0,0.0,0.0,7.0,0.0,0.0,0.0,0.0,0.0,0.0,0.0,0.0,0.0,0.0,0.0,1,218
8.0,0.0,180.8,49.8,1.0,3.0,29.5,19.5,20.0,20.0,0.0,0.0,8.0,0.0,173.3,41.0,37.3,1.0,4.0,29.0,21.0,8.0,8.0,0.0,0.0,8.0,1.0,175.0,41.0,30.0,2.0,3.0,20.0,13.0,10.0,8.0,0.0,1.0,1,46
11.0,0.0,177.3,35.3,0.0,3.0,34.0,17.0,0.0,0.0,0.0,0.0,11.0,1.0,166.5,36.0,0.5,0.0,0.0,0.0,0.0,0.0,0.0,0.0,0.0,7.0,0.0,125.4,27.4,36.4,0.0,3.0,36.1,21.1,0.0,0.0,0.0,0.0,1,373
8.0,0.0,158.4,19.4,1.0,3.0,12.8,6.8,6.0,6.0,0.0,0.0,7.0,0.0,145.3,30.3,39.3,0.0,3.0,39.0,20.0,0.0,0.0,0.0,0.0,10.0,0.0,182.7,31.4,38.7,0.0,3.0,37.0,18.0,0.0,0.0,0.0,0.0,1,241
9.0,0.0,196.0,48.0,1.0,4.0,42.0,18.0,6.0,6.0,0.0,0.0,10.0,0.0,170.6,34.0,45.1,1.0,3.0,38.1,21.1,7.0,7.0,0.0,0.0,9.0,0.0,155.5,35.0,10.0,1.0,1.0,0.0,0.0,10.0,10.0,0.0,0.0,1,734
4.0,3.0,78.0,3.0,0.0,1.0,3.0,3.0,0.0,0.0,0.0,0.0,8.0,0.0,130.0,32.0,27.0,0.0,2.0,27.0,21.0,0.0,0.0,0.0,0.0,8.0,0.0,181.3,32.0,31.3,1.0,4.0,24.0,18.0,7.0,7.0,0.0,0.0,1,73
0.0,7.0,0.0,0.0,0.0,0.0,0.0,0.0,0.0,0.0,0.0,0.0,0.0,7.0,0.0,0.0,0.0,0.0,0.0,0.0,0.0,0.0,0.0,0.0,0.0,0.0,7.0,0.0,0.0,0.0,0.0,0.0,0.0,0.0,0.0,0.0,0.0,0.0,1,137
10.0,0.0,147.6,28.1,1.0,2.0,21.1,21.1,7.0,7.0,0.0,0.0,8.0,0.0,161.5,35.0,25.0,1.0,2.0,15.0,15.0,10.0,10.0,0.0,0.0,9.0,0.0,153.0,30.0,8.0,0.0,1.0,8.0,8.0,0.0,0.0,0.0,0.0,1,725
7.0,1.0,164.0,29.0,1.0,2.0,21.0,21.0,8.0,8.0,0.0,0.0,10.0,0.0,180.3,41.0,40.3,3.0,4.0,20.0,13.0,20.0,12.0,0.75,1.0,7.0,0.0,124.3,30.0,22.3,3.0,3.0,0.0,0.0,22.0,10.0,0.0,0.0,1,35
11.0,0.0,192.4,25.4,1.0,3.0,20.6,11.0,4.5,4.5,0.0,0.0,7.0,1.0,143.3,34.0,16.3,1.0,2.0,10.0,10.0,6.0,6.0,0.0,0.0,11.0,0.0,209.3,39.3,30.3,0.0,3.0,30.0,12.0,0.0,0.0,0.0,1.0,1,328
9.0,1.0,174.3,40.3,3.0,4.0,20.0,13.0,20.0,12.0,0.75,1.0,7.0,0.0,107.3,30.0,22.3,3.0,3.0,0.0,0.0,22.0,10.0,0.0,0.0,7.0,1.0,147.3,38.0,20.3,0.0,2.0,20.0,12.0,0.0,0.0,0.75,0.0,1,29
0.0,7.0,0.0,0.0,0.0,0.0,0.0,0.0,0.0,0.0,0.0,0.0,0.0,7.0,0.0,0.0,0.0,0.0,0.0,0.0,0.0,0.0,0.0,0.0,0.0,0.0,7.0,0.0,0.0,0.0,0.0,0.0,0.0,0.0,0.0,0.0,0.0,0.0,1,181
10.0,0.0,204.0,24.0,1.0,3.0,18.0,9.0,6.0,6.0,0.0,0.0,11.0,0.0,194.4,38.0,25.4,1.0,3.0,20.6,11.0,4.5,4.5,0.0,0.0,7.0,1.0,145.3,36.0,16.3,1.0,2.0,10.0,10.0,6.0,6.0,0.0,0.0,1,336
11.0,0.0,211.3,30.3,0.0,3.0,30.0,12.0,0.0,0.0,0.0,1.0,8.0,0.0,173.6,37.0,31.6,1.0,3.0,24.0,14.0,6.0,6.0,0.0,0.0,5.0,2.0,72.1,21.3,22.6,1.0,3.0,21.0,15.0,1.0,1.0,0.0,0.0,1,316
9.0,0.0,208.1,58.1,1.0,4.0,49.5,19.5,8.0,8.0,0.0,1.0,8.0,0.0,169.3,39.0,37.3,1.0,3.0,17.0,10.0,20.0,20.0,0.0,0.0,7.0,0.0,151.3,41.0,38.3,2.0,4.0,22.0,21.0,16.0,8.0,0.0,0.0,1,51
9.0,0.0,157.6,37.0,0.0,3.0,36.0,12.0,0.0,0.0,0.0,0.0,11.0,0.0,182.5,38.0,34.5,0.0,3.0,34.0,17.0,0.0,0.0,0.0,0.0,11.0,1.0,156.3,36.0,1.3,0.0,0.0,0.0,0.0,0.0,0.0,0.0,0.0,1,381
10.0,0.0,173.3,36.3,1.0,3.0,34.0,20.0,2.0,2.0,0.0,0.0,10.0,0.0,204.5,40.0,32.5,1.0,3.0,24.0,12.0,7.5,7.5,0.0,0.0,9.0,1.0,157.3,34.3,10.3,0.0,1.0,10.0,10.0,0.0,0.0,0.0,0.0,1,410
9.0,0.0,167.8,24.4,0.0,2.0,24.0,20.0,0.0,0.0,0.0,0.0,2.0,5.0,45.5,23.5,13.5,0.0,1.0,12.0,12.0,0.0,0.0,0.0,0.0,0.0,7.0,0.0,0.0,0.0,0.0,0.0,0.0,0.0,0.0,0.0,0.0,0.0,1,217
9.0,0.0,192.0,48.0,1.0,4.0,42.0,18.0,6.0,6.0,0.0,0.0,10.0,0.0,165.5,34.0,24.0,1.0,2.0,17.0,17.0,7.0,7.0,0.0,0.0,9.0,0.0,149.6,34.0,31.1,1.0,2.0,21.1,21.1,10.0,10.0,0.0,0.0,1,735
10.0,0.0,157.3,37.3,4.0,4.0,7.0,7.0,30.0,12.0,0.75,1.0,7.0,0.0,144.3,38.0,12.3,2.0,2.0,0.0,0.0,12.0,6.0,0.0,0.0,8.0,1.0,152.3,35.0,20.3,0.0,2.0,20.0,12.0,0.0,0.0,0.75,0.0,1,27
10.0,0.0,197.3,32.3,2.0,3.0,12.0,12.0,20.0,10.0,0.0,0.0,3.0,5.0,64.3,42.3,10.3,1.0,1.0,0.0,0.0,10.0,10.0,0.0,0.0,0.0,7.0,0.0,0.0,0.0,0.0,0.0,0.0,0.0,0.0,0.0,0.0,0.0,1,2
8.0,0.0,160.6,40.6,0.0,3.0,40.0,20.0,0.0,0.0,0.0,0.0,9.0,0.0,180.9,31.4,40.4,0.0,3.0,39.0,18.0,0.0,0.0,0.0,0.0,9.0,0.0,161.8,35.0,24.4,0.0,2.0,24.0,20.0,0.0,0.0,0.0,0.0,1,232
7.0,0.0,95.3,17.3,3.0,3.0,3.6,3.6,12.8,6.4,0.0,0.0,9.0,0.0,145.2,29.7,18.7,1.0,3.0,10.5,9.0,7.2,7.2,0.0,0.0,7.0,1.0,111.6,37.0,9.6,2.0,2.0,2.0,2.0,7.0,6.0,0.0,0.0,1,271
0.0,7.0,0.0,0.0,0.0,0.0,0.0,0.0,0.0,0.0,0.0,0.0,0.0,7.0,0.0,0.0,0.0,0.0,0.0,0.0,0.0,0.0,0.0,0.0,0.0,0.0,7.0,0.0,0.0,0.0,0.0,0.0,0.0,0.0,0.0,0.0,0.0,0.0,1,156
9.0,0.0,191.6,33.6,0.0,3.0,32.0,14.0,0.0,0.0,0.0,0.0,5.0,2.0,80.6,21.3,24.1,1.0,3.0,17.5,15.0,6.0,6.0,0.0,0.0,8.0,0.0,142.0,34.5,21.0,1.0,3.0,18.9,10.0,1.0,1.0,0.0,0.0,1,310
9.0,0.0,155.5,10.0,1.0,1.0,0.0,0.0,10.0,10.0,0.0,0.0,8.0,0.0,154.0,30.0,23.0,0.0,2.0,23.0,15.0,0.0,0.0,0.0,0.0,9.0,0.0,148.0,28.0,14.0,1.0,2.0,8.0,8.0,6.0,6.0,0.0,0.0,1,720
7.0,0.0,139.4,46.4,0.0,4.0,45.8,20.0,0.0,0.0,0.0,0.0,9.0,0.0,176.7,31.4,38.7,0.0,3.0,37.0,18.0,0.0,0.0,0.0,0.0,9.0,0.0,164.9,29.0,32.4,0.0,2.0,32.0,20.0,0.0,0.0,0.0,0.0,1,235
7.0,1.0,143.3,26.3,1.0,3.0,20.0,10.0,6.0,6.0,0.0,1.0,11.0,0.0,214.3,39.3,35.3,0.0,3.0,34.0,14.0,0.0,0.0,0.0,0.0,7.0,1.0,141.9,37.0,31.9,1.0,3.0,25.0,15.0,6.0,6.0,0.0,0.0,1,320
0.0,7.0,0.0,0.0,0.0,0.0,0.0,0.0,0.0,0.0,0.0,0.0,0.0,7.0,0.0,0.0,0.0,0.0,0.0,0.0,0.0,0.0,0.0,0.0,0.0,0.0,7.0,0.0,0.0,0.0,0.0,0.0,0.0,0.0,0.0,0.0,0.0,0.0,1,138
4.0,3.0,83.9,17.5,0.0,2.0,16.0,12.0,0.0,0.0,0.0,0.0,0.0,7.0,0.0,0.0,0.0,0.0,0.0,0.0,0.0,0.0,0.0,0.0,0.0,0.0,7.0,0.0,0.0,0.0,0.0,0.0,0.0,0.0,0.0,0.0,0.0,0.0,1,212
0.0,7.0,0.0,0.0,0.0,0.0,0.0,0.0,0.0,0.0,0.0,0.0,0.0,7.0,0.0,0.0,0.0,0.0,0.0,0.0,0.0,0.0,0.0,0.0,0.0,0.0,7.0,0.0,0.0,0.0,0.0,0.0,0.0,0.0,0.0,0.0,0.0,0.0,1,104
10.0,0.0,188.8,14.8,1.0,2.0,10.0,10.0,4.5,4.5,0.0,0.0,8.0,1.0,154.3,34.0,28.3,1.0,3.0,22.0,12.0,6.0,6.0,0.0,1.0,10.0,0.0,206.6,39.3,33.6,0.0,3.0,32.0,14.0,0.0,0.0,0.0,0.0,1,325
10.0,0.0,191.0,29.0,0.0,3.0,28.0,12.0,0.0,0.0,0.0,0.0,11.0,0.0,183.6,36.5,24.5,0.0,2.0,24.0,12.0,0.0,0.0,0.0,0.0,11.0,0.0,165.5,38.0,36.5,0.0,3.0,36.0,17.0,0.0,0.0,0.0,0.0,1,390
10.0,0.0,183.4,14.4,1.0,2.0,9.6,9.6,4.5,4.5,0.0,0.0,8.0,1.0,154.3,34.0,26.3,1.0,3.0,20.0,10.0,6.0,6.0,0.0,1.0,11.0,0.0,217.3,39.3,35.3,0.0,3.0,34.0,14.0,0.0,0.0,0.0,0.0,1,326
9.0,0.0,164.9,17.5,0.0,2.0,16.0,12.0,0.0,0.0,0.0,0.0,0.0,7.0,0.0,0.0,0.0,0.0,0.0,0.0,0.0,0.0,0.0,0.0,0.0,0.0,7.0,0.0,0.0,0.0,0.0,0.0,0.0,0.0,0.0,0.0,0.0,0.0,1,215
6.0,1.0,96.4,30.4,0.0,2.0,30.1,21.1,0.0,0.0,0.0,0.0,9.0,1.0,146.3,30.0,10.3,0.0,1.0,10.0,10.0,0.0,0.0,0.0,0.0,4.0,3.0,91.5,35.5,0.0,0.0,0.0,0.0,0.0,0.0,0.0,0.0,0.0,1,357
0.0,7.0,0.0,0.0,0.0,0.0,0.0,0.0,0.0,0.0,0.0,0.0,0.0,7.0,0.0,0.0,0.0,0.0,0.0,0.0,0.0,0.0,0.0,0.0,0.0,0.0,7.0,0.0,0.0,0.0,0.0,0.0,0.0,0.0,0.0,0.0,0.0,0.0,1,189
7.0,1.0,141.9,17.5,0.0,2.0,16.0,12.0,0.0,0.0,0.0,0.0,0.0,7.0,0.0,0.0,0.0,0.0,0.0,0.0,0.0,0.0,0.0,0.0,0.0,0.0,7.0,0.0,0.0,0.0,0.0,0.0,0.0,0.0,0.0,0.0,0.0,0.0,1,214
0.0,7.0,0.0,0.0,0.0,0.0,0.0,0.0,0.0,0.0,0.0,0.0,0.0,7.0,0.0,0.0,0.0,0.0,0.0,0.0,0.0,0.0,0.0,0.0,0.0,0.0,7.0,0.0,0.0,0.0,0.0,0.0,0.0,0.0,0.0,0.0,0.0,0.0,1,204
7.0,0.0,145.3,39.3,0.0,3.0,39.0,20.0,0.0,0.0,0.0,0.0,10.0,0.0,182.7,31.4,38.7,0.0,3.0,37.0,18.0,0.0,0.0,0.0,0.0,9.0,0.0,170.9,35.0,32.4,0.0,2.0,32.0,20.0,0.0,0.0,0.0,0.0,1,234
8.0,0.0,151.8,18.8,2.0,3.0,11.0,9.0,7.0,6.0,0.0,0.0,6.0,1.0,92.3,19.0,14.3,3.0,3.0,6.0,6.0,8.0,3.0,0.0,0.0,7.0,0.0,111.6,24.3,22.6,2.0,2.0,12.0,12.0,10.0,6.0,0.0,0.0,1,259
8.0,0.0,129.0,27.0,0.0,2.0,27.0,21.0,0.0,0.0,0.0,0.0,8.0,0.0,172.3,32.0,13.3,1.0,3.0,6.0,4.0,7.0,7.0,0.0,0.0,9.0,0.0,203.6,41.0,56.6,1.0,4.0,48.0,18.0,8.0,8.0,0.0,1.0,1,67
8.0,0.0,121.6,28.6,3.0,3.0,0.0,0.0,28.0,12.0,0.0,0.0,7.0,1.0,148.0,38.0,14.0,1.0,2.0,8.0,8.0,6.0,6.0,0.75,0.0,10.0,0.0,183.6,35.0,39.6,1.0,4.0,30.0,12.0,9.0,9.0,0.75,0.0,1,24
9.0,0.0,169.8,24.4,0.0,2.0,24.0,20.0,0.0,0.0,0.0,0.0,1.0,6.0,23.5,23.5,13.5,0.0,1.0,12.0,12.0,0.0,0.0,0.0,0.0,0.0,7.0,0.0,0.0,0.0,0.0,0.0,0.0,0.0,0.0,0.0,0.0,0.0,1,216
9.0,0.0,173.9,31.4,0.0,2.0,30.0,18.0,0.0,0.0,0.0,0.0,9.0,0.0,169.8,35.0,24.4,0.0,2.0,24.0,20.0,0.0,0.0,0.0,0.0,1.0,6.0,23.5,23.5,13.5,0.0,1.0,12.0,12.0,0.0,0.0,0.0,0.0,1,223
0.0,7.0,0.0,0.0,0.0,0.0,0.0,0.0,0.0,0.0,0.0,0.0,0.0,7.0,0.0,0.0,0.0,0.0,0.0,0.0,0.0,0.0,0.0,0.0,0.0,0.0,7.0,0.0,0.0,0.0,0.0,0.0,0.0,0.0,0.0,0.0,0.0,0.0,1,129
0.0,7.0,0.0,0.0,0.0,0.0,0.0,0.0,0.0,0.0,0.0,0.0,0.0,7.0,0.0,0.0,0.0,0.0,0.0,0.0,0.0,0.0,0.0,0.0,0.0,0.0,7.0,0.0,0.0,0.0,0.0,0.0,0.0,0.0,0.0,0.0,0.0,0.0,1,111
0.0,7.0,0.0,0.0,0.0,0.0,0.0,0.0,0.0,0.0,0.0,0.0,0.0,7.0,0.0,0.0,0.0,0.0,0.0,0.0,0.0,0.0,0.0,0.0,0.0,0.0,7.0,0.0,0.0,0.0,0.0,0.0,0.0,0.0,0.0,0.0,0.0,0.0,1,166
10.0,0.0,185.6,36.5,0.0,3.0,36.0,12.0,0.0,0.0,0.0,0.0,11.0,0.0,175.5,38.0,29.5,0.0,2.0,29.0,17.0,0.0,0.0,0.0,0.0,11.0,0.0,172.8,35.0,18.8,0.0,2.0,17.0,10.0,0.0,0.0,0.0,0.0,1,385
10.0,1.0,153.5,6.5,0.0,1.0,6.0,6.0,0.0,0.0,0.0,0.0,7.0,0.0,111.4,27.4,30.4,0.0,2.0,30.1,21.1,0.0,0.0,0.0,0.0,8.0,2.0,134.3,30.0,10.3,0.0,1.0,10.0,10.0,0.0,0.0,0.0,0.0,1,365
8.0,0.0,173.3,37.3,1.0,4.0,29.0,21.0,8.0,8.0,0.0,0.0,7.0,1.0,160.0,41.0,30.0,2.0,3.0,20.0,13.0,10.0,8.0,0.0,1.0,10.0,0.0,144.3,38.0,28.3,3.0,3.0,0.0,0.0,28.0,12.0,0.75,0.0,1,40
6.0,1.0,85.9,10.9,2.0,2.0,3.6,3.6,6.4,4.0,0.0,0.0,9.0,0.0,115.4,29.7,15.9,2.0,3.0,1.5,1.5,13.6,7.2,0.0,0.0,8.0,0.0,152.8,37.0,18.8,2.0,3.0,11.0,9.0,7.0,6.0,0.0,0.0,1,274
10.0,0.0,191.6,26.6,1.0,3.0,20.6,11.0,6.0,6.0,0.0,0.0,10.0,0.0,188.8,36.0,14.8,1.0,2.0,10.0,10.0,4.5,4.5,0.0,0.0,8.0,1.0,154.3,34.0,28.3,1.0,3.0,22.0,12.0,6.0,6.0,0.0,1.0,1,332
0.0,7.0,0.0,0.0,0.0,0.0,0.0,0.0,0.0,0.0,0.0,0.0,5.0,2.0,101.0,30.0,3.0,0.0,1.0,3.0,3.0,0.0,0.0,0.0,0.0,9.0,0.0,139.0,32.0,27.0,0.0,2.0,27.0,21.0,0.0,0.0,0.0,0.0,1,79
10.0,0.0,165.5,24.0,1.0,2.0,17.0,17.0,7.0,7.0,0.0,0.0,9.0,0.0,149.6,34.0,31.1,1.0,2.0,21.1,21.1,10.0,10.0,0.0,0.0,8.0,0.0,165.0,35.0,23.0,0.0,2.0,23.0,15.0,0.0,0.0,0.0,0.0,1,728
8.0,0.0,128.8,30.8,1.0,4.0,25.4,10.0,4.0,4.0,0.0,0.0,10.0,0.0,179.7,38.0,35.2,1.0,4.0,26.0,10.0,8.0,8.0,0.0,0.0,10.0,0.0,151.6,34.0,26.6,2.0,3.0,9.0,9.0,16.2,10.0,0.0,0.0,1,293
8.0,1.0,152.3,20.3,0.0,2.0,20.0,12.0,0.0,0.0,0.75,0.0,11.0,0.0,195.3,36.0,39.3,1.0,4.0,30.0,12.0,9.0,9.0,0.75,0.0,9.0,1.0,174.6,42.3,30.6,3.0,3.0,0.0,0.0,30.0,10.0,0.0,0.0,1,13
9.0,0.0,146.1,24.5,0.0,2.0,24.0,12.0,0.0,0.0,0.0,0.0,11.0,0.0,177.3,38.0,35.3,0.0,3.0,34.0,17.0,0.0,0.0,0.0,0.0,11.0,1.0,166.5,36.0,0.5,0.0,0.0,0.0,0.0,0.0,0.0,0.0,0.0,1,380
7.0,1.0,163.0,26.0,1.0,2.0,18.0,18.0,8.0,8.0,0.0,0.0,9.0,0.0,187.0,34.0,47.0,1.0,4.0,41.0,17.0,6.0,6.0,0.0,0.0,10.0,0.0,147.6,34.0,28.1,1.0,2.0,21.1,21.1,7.0,7.0,0.0,0.0,1,739
9.0,0.0,176.7,38.7,0.0,3.0,37.0,18.0,0.0,0.0,0.0,0.0,9.0,0.0,164.9,29.0,32.4,0.0,2.0,32.0,20.0,0.0,0.0,0.0,0.0,7.0,1.0,141.9,35.0,17.5,0.0,2.0,16.0,12.0,0.0,0.0,0.0,0.0,1,228
0.0,7.0,0.0,0.0,0.0,0.0,0.0,0.0,0.0,0.0,0.0,0.0,0.0,7.0,0.0,0.0,0.0,0.0,0.0,0.0,0.0,0.0,0.0,0.0,0.0,0.0,7.0,0.0,0.0,0.0,0.0,0.0,0.0,0.0,0.0,0.0,0.0,0.0,1,161
0.0,7.0,0.0,0.0,0.0,0.0,0.0,0.0,0.0,0.0,0.0,0.0,1.0,6.0,30.0,30.0,0.0,0.0,0.0,0.0,0.0,0.0,0.0,0.0,0.0,8.0,0.0,132.0,32.0,30.0,0.0,3.0,30.0,21.0,0.0,0.0,0.0,0.0,1,83
7.0,1.0,138.0,16.0,2.0,2.0,0.0,0.0,16.0,8.0,0.0,0.0,9.0,0.0,192.0,35.0,48.0,1.0,4.0,42.0,18.0,6.0,6.0,0.0,0.0,10.0,0.0,165.5,34.0,24.0,1.0,2.0,17.0,17.0,7.0,7.0,0.0,0.0,1,742
9.0,0.0,175.5,25.0,1.0,2.0,15.0,15.0,10.0,10.0,0.0,0.0,8.0,0.0,137.0,30.0,8.0,0.0,1.0,8.0,8.0,0.0,0.0,0.0,0.0,9.0,0.0,160.0,28.0,24.0,2.0,3.0,8.0,8.0,16.0,10.0,0.0,0.0,1,719
0.0,7.0,0.0,0.0,0.0,0.0,0.0,0.0,0.0,0.0,0.0,0.0,0.0,7.0,0.0,0.0,0.0,0.0,0.0,0.0,0.0,0.0,0.0,0.0,0.0,0.0,7.0,0.0,0.0,0.0,0.0,0.0,0.0,0.0,0.0,0.0,0.0,0.0,1,110
0.0,7.0,0.0,0.0,0.0,0.0,0.0,0.0,0.0,0.0,0.0,0.0,0.0,7.0,0.0,0.0,0.0,0.0,0.0,0.0,0.0,0.0,0.0,0.0,0.0,0.0,7.0,0.0,0.0,0.0,0.0,0.0,0.0,0.0,0.0,0.0,0.0,0.0,1,149
0.0,7.0,0.0,0.0,0.0,0.0,0.0,0.0,0.0,0.0,0.0,0.0,0.0,7.0,0.0,0.0,0.0,0.0,0.0,0.0,0.0,0.0,0.0,0.0,0.0,0.0,7.0,0.0,0.0,0.0,0.0,0.0,0.0,0.0,0.0,0.0,0.0,0.0,1,152
7.0,1.0,141.0,14.0,1.0,2.0,8.0,8.0,6.0,6.0,0.75,0.0,11.0,0.0,196.6,36.0,39.6,1.0,4.0,30.0,12.0,9.0,9.0,0.75,0.0,10.0,0.0,197.3,37.0,32.3,2.0,3.0,12.0,12.0,20.0,10.0,0.0,0.0,1,16
10.0,0.0,170.6,45.1,1.0,3.0,38.1,21.1,7.0,7.0,0.0,0.0,9.0,0.0,155.5,35.0,10.0,1.0,1.0,0.0,0.0,10.0,10.0,0.0,0.0,8.0,0.0,154.0,30.0,23.0,0.0,2.0,23.0,15.0,0.0,0.0,0.0,0.0,1,727
0.0,7.0,0.0,0.0,0.0,0.0,0.0,0.0,0.0,0.0,0.0,0.0,0.0,7.0,0.0,0.0,0.0,0.0,0.0,0.0,0.0,0.0,0.0,0.0,0.0,0.0,7.0,0.0,0.0,0.0,0.0,0.0,0.0,0.0,0.0,0.0,0.0,0.0,1,109
11.0,0.0,189.4,14.4,1.0,2.0,9.6,9.6,4.5,4.5,0.0,0.0,7.0,1.0,143.3,34.0,26.3,1.0,3.0,20.0,10.0,6.0,6.0,0.0,1.0,11.0,0.0,214.3,39.3,35.3,0.0,3.0,34.0,14.0,0.0,0.0,0.0,0.0,1,327
0.0,7.0,0.0,0.0,0.0,0.0,0.0,0.0,0.0,0.0,0.0,0.0,0.0,7.0,0.0,0.0,0.0,0.0,0.0,0.0,0.0,0.0,0.0,0.0,0.0,0.0,7.0,0.0,0.0,0.0,0.0,0.0,0.0,0.0,0.0,0.0,0.0,0.0,1,139
8.0,0.0,151.1,32.1,0.0,4.0,31.8,10.0,0.0,0.0,0.0,0.0,8.0,0.0,162.6,30.3,39.6,0.0,3.0,39.0,20.0,0.0,0.0,0.0,0.0,9.0,0.0,173.9,31.4,31.4,0.0,2.0,30.0,18.0,0.0,0.0,0.0,0.0,1,237
8.0,0.0,152.8,18.8,2.0,3.0,11.0,9.0,7.0,6.0,0.0,0.0,6.0,1.0,93.3,19.0,14.3,3.0,3.0,6.0,6.0,8.0,3.0,0.0,0.0,7.0,0.0,103.6,24.3,22.6,2.0,2.0,12.0,12.0,10.0,6.0,0.0,0.0,1,260
8.0,0.0,161.5,25.0,1.0,2.0,15.0,15.0,10.0,10.0,0.0,0.0,9.0,0.0,153.0,30.0,8.0,0.0,1.0,8.0,8.0,0.0,0.0,0.0,0.0,9.0,0.0,158.0,26.0,24.0,2.0,3.0,8.0,8.0,16.0,10.0,0.0,0.0,1,718
11.0,0.0,172.8,18.8,0.0,2.0,17.0,10.0,0.0,0.0,0.0,0.0,9.0,1.0,145.0,36.0,6.0,0.0,1.0,6.0,6.0,0.0,0.0,0.0,0.0,6.0,1.0,96.4,27.4,30.4,0.0,2.0,30.1,21.1,0.0,0.0,0.0,0.0,1,371
7.0,0.0,106.3,25.3,2.0,2.0,18.0,12.0,7.0,4.0,0.0,0.0,8.0,0.0,158.4,29.0,19.4,1.0,3.0,12.8,6.8,6.0,6.0,0.0,0.0,7.0,0.0,145.3,30.3,39.3,0.0,3.0,39.0,20.0,0.0,0.0,0.0,0.0,1,248
12.0,0.0,207.5,33.0,0.0,3.0,32.0,12.0,0.0,0.0,0.0,0.0,9.0,0.0,146.1,32.0,24.5,0.0,2.0,24.0,12.0,0.0,0.0,0.0,0.0,11.0,0.0,177.3,38.0,35.3,0.0,3.0,34.0,17.0,0.0,0.0,0.0,0.0,1,387
6.0,1.0,138.3,12.3,2.0,2.0,0.0,0.0,12.0,6.0,0.0,0.0,9.0,0.0,172.3,35.0,26.3,0.0,3.0,26.0,12.0,0.0,0.0,0.75,0.0,11.0,0.0,193.3,36.0,43.3,2.0,4.0,24.0,12.0,19.0,10.0,0.75,0.0,1,19
8.0,0.0,142.0,21.0,1.0,3.0,18.9,10.0,1.0,1.0,0.0,0.0,9.0,0.0,145.5,38.0,41.5,1.0,5.0,36.0,10.0,4.0,4.0,0.0,0.0,10.0,0.0,179.6,34.0,28.1,2.0,3.0,9.0,9.0,18.0,10.0,0.0,0.0,1,296
8.0,0.0,94.0,12.5,2.0,3.0,1.5,1.5,10.4,6.4,0.0,0.0,8.0,0.0,151.2,29.7,20.2,2.0,3.0,11.0,9.0,8.2,7.2,0.0,0.0,7.0,1.0,109.6,37.0,11.6,3.0,3.0,0.0,0.0,11.0,6.0,0.0,0.0,1,269
9.0,0.0,177.7,38.7,0.0,3.0,37.0,18.0,0.0,0.0,0.0,0.0,9.0,0.0,170.9,35.0,32.4,0.0,2.0,32.0,20.0,0.0,0.0,0.0,0.0,4.0,3.0,83.9,23.5,17.5,0.0,2.0,16.0,12.0,0.0,0.0,0.0,0.0,1,226
11.0,0.0,174.3,18.3,0.0,2.0,17.0,10.0,0.0,0.0,0.0,0.0,10.0,1.0,153.5,36.0,6.5,0.0,1.0,6.0,6.0,0.0,0.0,0.0,0.0,7.0,0.0,111.4,27.4,30.4,0.0,2.0,30.1,21.1,0.0,0.0,0.0,0.0,1,372
10.0,0.0,196.3,32.3,2.0,3.0,12.0,12.0,20.0,10.0,0.0,0.0,5.0,4.0,101.3,42.3,10.3,1.0,1.0,0.0,0.0,10.0,10.0,0.0,0.0,0.0,7.0,0.0,0.0,0.0,0.0,0.0,0.0,0.0,0.0,0.0,0.0,0.0,1,3
10.0,0.0,173.5,36.5,0.0,3.0,36.0,17.0,0.0,0.0,0.0,0.0,12.0,0.0,185.8,36.0,11.8,0.0,1.0,10.0,10.0,0.0,0.0,0.0,0.0,8.0,1.0,136.4,30.0,27.4,0.0,2.0,27.1,21.1,0.0,0.0,0.0,0.0,1,377
0.0,7.0,0.0,0.0,0.0,0.0,0.0,0.0,0.0,0.0,0.0,0.0,0.0,7.0,0.0,0.0,0.0,0.0,0.0,0.0,0.0,0.0,0.0,0.0,0.0,0.0,7.0,0.0,0.0,0.0,0.0,0.0,0.0,0.0,0.0,0.0,0.0,0.0,1,125
10.0,0.0,175.3,26.3,2.0,3.0,9.0,9.0,16.2,10.0,0.0,0.0,6.0,1.0,82.9,16.0,10.9,2.0,2.0,3.6,3.6,6.4,4.0,0.0,0.0,9.0,0.0,115.4,29.7,15.9,2.0,3.0,1.5,1.5,13.6,7.2,0.0,0.0,1,280
10.0,0.0,179.7,35.2,1.0,4.0,26.0,10.0,8.0,8.0,0.0,0.0,10.0,0.0,151.6,34.0,26.6,2.0,3.0,9.0,9.0,16.2,10.0,0.0,0.0,6.0,1.0,91.3,16.0,17.3,3.0,3.0,3.6,3.6,12.8,6.4,0.0,0.0,1,286
0.0,7.0,0.0,0.0,0.0,0.0,0.0,0.0,0.0,0.0,0.0,0.0,7.0,0.0,130.0,30.0,9.0,0.0,2.0,9.0,6.0,0.0,0.0,0.0,0.0,9.0,0.0,149.3,32.0,28.3,1.0,2.0,21.0,21.0,7.0,7.0,0.0,0.0,1,77
0.0,7.0,0.0,0.0,0.0,0.0,0.0,0.0,0.0,0.0,0.0,0.0,0.0,7.0,0.0,0.0,0.0,0.0,0.0,0.0,0.0,0.0,0.0,0.0,0.0,0.0,7.0,0.0,0.0,0.0,0.0,0.0,0.0,0.0,0.0,0.0,0.0,0.0,1,184
8.0,2.0,134.3,10.3,0.0,1.0,10.0,10.0,0.0,0.0,0.0,0.0,5.0,2.0,103.5,35.5,0.0,0.0,0.0,0.0,0.0,0.0,0.0,0.0,0.0,8.0,1.0,173.0,38.0,24.0,1.0,3.0,18.0,9.0,6.0,6.0,0.0,0.0,1,351
9.0,0.0,139.6,31.1,1.0,2.0,21.1,21.1,10.0,10.0,0.0,0.0,8.0,0.0,154.5,35.0,15.0,0.0,1.0,15.0,15.0,0.0,0.0,0.0,0.0,9.0,0.0,154.0,30.0,14.0,1.0,2.0,8.0,8.0,6.0,6.0,0.0,0.0,1,723
7.0,1.0,98.1,13.1,2.0,2.0,3.6,3.6,8.6,6.2,0.0,0.0,8.0,0.0,100.0,22.0,12.5,2.0,3.0,1.5,1.5,10.4,6.4,0.0,0.0,9.0,0.0,166.2,37.0,20.2,2.0,3.0,11.0,9.0,8.2,7.2,0.0,0.0,1,275
8.0,0.0,140.5,20.5,1.0,3.0,15.4,10.0,4.0,4.0,0.0,0.0,10.0,0.0,168.0,38.0,45.5,1.0,5.0,36.0,10.0,8.0,8.0,0.0,0.0,10.0,0.0,175.3,34.0,26.3,2.0,3.0,9.0,9.0,16.2,10.0,0.0,0.0,1,294
10.0,0.0,204.5,32.5,1.0,3.0,24.0,12.0,7.5,7.5,0.0,0.0,9.0,1.0,157.3,34.3,10.3,0.0,1.0,10.0,10.0,0.0,0.0,0.0,0.0,11.0,0.0,187.0,35.0,29.0,0.0,3.0,28.0,12.0,0.0,0.0,0.0,0.0,1,403
0.0,7.0,0.0,0.0,0.0,0.0,0.0,0.0,0.0,0.0,0.0,0.0,0.0,7.0,0.0,0.0,0.0,0.0,0.0,0.0,0.0,0.0,0.0,0.0,0.0,0.0,7.0,0.0,0.0,0.0,0.0,0.0,0.0,0.0,0.0,0.0,0.0,0.0,1,182
6.0,1.0,117.0,20.0,0.0,2.0,20.0,11.0,0.0,0.0,0.0,0.0,6.0,1.0,91.0,23.0,21.0,1.0,2.0,6.0,6.0,15.0,15.0,0.0,0.0,6.0,1.0,97.0,22.0,16.0,0.0,2.0,16.0,8.0,0.0,0.0,0.0,0.0,1,672
0.0,7.0,0.0,0.0,0.0,0.0,0.0,0.0,0.0,0.0,0.0,0.0,4.0,3.0,78.0,30.0,3.0,0.0,1.0,3.0,3.0,0.0,0.0,0.0,0.0,8.0,0.0,130.0,32.0,27.0,0.0,2.0,27.0,21.0,0.0,0.0,0.0,0.0,1,80
8.0,0.0,164.9,46.9,1.0,4.0,39.0,15.0,6.0,6.0,0.0,0.0,5.0,2.0,80.8,30.0,7.3,1.0,2.0,6.0,3.5,1.0,1.0,0.0,0.0,8.0,0.0,128.8,34.5,30.8,1.0,4.0,25.4,10.0,4.0,4.0,0.0,0.0,1,307
8.0,0.0,131.1,19.1,2.0,3.0,11.0,9.0,7.0,6.0,0.0,0.0,6.0,1.0,108.3,24.3,30.3,4.0,4.0,18.0,12.0,12.0,4.0,0.0,0.0,7.0,0.0,114.3,27.0,6.3,1.0,1.0,0.0,0.0,6.0,6.0,0.0,0.0,1,258
10.0,0.0,187.3,38.3,0.0,4.0,38.0,12.0,0.0,0.0,0.75,0.0,11.0,0.0,195.3,36.0,31.3,2.0,3.0,12.0,12.0,19.0,10.0,0.75,0.0,6.0,3.0,121.6,42.3,20.6,2.0,2.0,0.0,0.0,20.0,10.0,0.0,0.0,1,11
8.0,1.0,141.5,0.0,0.0,0.0,0.0,0.0,0.0,0.0,0.0,0.0,7.0,2.0,143.0,38.0,18.0,0.0,2.0,18.0,9.0,0.0,0.0,0.0,0.0,10.0,0.0,191.6,38.0,26.6,1.0,3.0,20.6,11.0,6.0,6.0,0.0,0.0,1,346
0.0,7.0,0.0,0.0,0.0,0.0,0.0,0.0,0.0,0.0,0.0,0.0,0.0,7.0,0.0,0.0,0.0,0.0,0.0,0.0,0.0,0.0,0.0,0.0,0.0,5.0,2.0,101.0,30.0,3.0,0.0,1.0,3.0,3.0,0.0,0.0,0.0,0.0,1,86
9.0,0.0,115.4,15.9,2.0,3.0,1.5,1.5,13.6,7.2,0.0,0.0,8.0,0.0,151.8,37.0,18.8,2.0,3.0,11.0,9.0,7.0,6.0,0.0,0.0,6.0,1.0,92.3,19.0,14.3,3.0,3.0,6.0,6.0,8.0,3.0,0.0,0.0,1,266
8.0,0.0,171.0,30.0,1.0,3.0,22.0,21.0,8.0,8.0,0.0,0.0,9.0,1.0,174.3,41.0,40.3,3.0,4.0,20.0,13.0,20.0,12.0,0.75,1.0,7.0,0.0,107.3,30.0,22.3,3.0,3.0,0.0,0.0,22.0,10.0,0.0,0.0,1,36
10.0,0.0,152.6,28.1,1.0,2.0,21.1,21.1,7.0,7.0,0.0,0.0,9.0,0.0,175.5,35.0,25.0,1.0,2.0,15.0,15.0,10.0,10.0,0.0,0.0,8.0,0.0,137.0,30.0,8.0,0.0,1.0,8.0,8.0,0.0,0.0,0.0,0.0,1,726
8.0,0.0,186.3,31.3,1.0,4.0,24.0,18.0,7.0,7.0,0.0,0.0,9.0,0.0,208.1,41.0,58.1,1.0,4.0,49.5,19.5,8.0,8.0,0.0,1.0,8.0,0.0,169.3,39.0,37.3,1.0,3.0,17.0,10.0,20.0,20.0,0.0,0.0,1,58
8.0,0.0,160.3,37.3,1.0,4.0,29.0,21.0,8.0,8.0,0.0,0.0,7.0,1.0,164.0,41.0,21.0,1.0,2.0,13.0,13.0,8.0,8.0,0.0,0.0,10.0,0.0,157.3,38.0,37.3,4.0,4.0,7.0,7.0,30.0,12.0,0.75,1.0,1,41
7.0,0.0,91.3,17.3,3.0,3.0,3.6,3.6,12.8,6.4,0.0,0.0,9.0,0.0,156.2,29.7,18.7,1.0,3.0,10.5,9.0,7.2,7.2,0.0,0.0,7.0,1.0,105.1,37.0,12.1,3.0,3.0,2.0,2.0,9.5,6.0,0.0,0.0,1,270
9.0,0.0,210.1,60.1,0.0,4.0,59.5,19.5,0.0,0.0,0.0,1.0,8.0,0.0,167.3,39.0,35.3,2.0,3.0,7.0,7.0,28.0,20.0,0.0,0.0,8.0,0.0,171.0,41.0,30.0,1.0,3.0,22.0,21.0,8.0,8.0,0.0,0.0,1,50
1.0,6.0,23.5,13.5,0.0,1.0,12.0,12.0,0.0,0.0,0.0,0.0,0.0,7.0,0.0,0.0,0.0,0.0,0.0,0.0,0.0,0.0,0.0,0.0,0.0,0.0,7.0,0.0,0.0,0.0,0.0,0.0,0.0,0.0,0.0,0.0,0.0,0.0,1,209
12.0,0.0,176.8,11.8,0.0,1.0,10.0,10.0,0.0,0.0,0.0,0.0,7.0,1.0,112.4,30.0,27.4,0.0,2.0,27.1,21.1,0.0,0.0,0.0,0.0,6.0,2.0,111.0,30.0,9.0,0.0,1.0,9.0,9.0,0.0,0.0,0.0,0.0,1,368
11.0,1.0,156.3,1.3,0.0,0.0,0.0,0.0,0.0,0.0,0.0,0.0,8.0,0.0,137.4,30.0,36.4,0.0,3.0,36.1,21.1,0.0,0.0,0.0,0.0,6.0,2.0,108.3,30.0,10.3,0.0,1.0,10.0,10.0,0.0,0.0,0.0,0.0,1,367
11.0,0.0,175.6,36.5,0.0,3.0,36.0,12.0,0.0,0.0,0.0,0.0,10.0,0.0,173.5,38.0,36.5,0.0,3.0,36.0,17.0,0.0,0.0,0.0,0.0,12.0,0.0,185.8,36.0,11.8,0.0,1.0,10.0,10.0,0.0,0.0,0.0,0.0,1,384
0.0,7.0,0.0,0.0,0.0,0.0,0.0,0.0,0.0,0.0,0.0,0.0,0.0,7.0,0.0,0.0,0.0,0.0,0.0,0.0,0.0,0.0,0.0,0.0,0.0,0.0,7.0,0.0,0.0,0.0,0.0,0.0,0.0,0.0,0.0,0.0,0.0,0.0,1,123
9.0,0.0,170.9,32.4,0.0,2.0,32.0,20.0,0.0,0.0,0.0,0.0,9.0,0.0,164.9,35.0,17.5,0.0,2.0,16.0,12.0,0.0,0.0,0.0,0.0,0.0,7.0,0.0,0.0,0.0,0.0,0.0,0.0,0.0,0.0,0.0,0.0,0.0,1,222
8.0,0.0,149.3,9.3,1.0,2.0,2.0,2.0,7.0,7.0,0.0,0.0,8.0,0.0,197.3,41.0,48.3,1.0,4.0,40.0,18.0,8.0,8.0,0.0,0.0,9.0,0.0,201.1,38.0,62.1,1.0,4.0,41.5,19.5,20.0,20.0,0.0,1.0,1,62
9.0,1.0,146.3,10.3,0.0,1.0,10.0,10.0,0.0,0.0,0.0,0.0,4.0,3.0,91.5,35.5,0.0,0.0,0.0,0.0,0.0,0.0,0.0,0.0,0.0,10.0,0.0,204.0,38.0,24.0,1.0,3.0,18.0,9.0,6.0,6.0,0.0,0.0,1,350
0.0,7.0,0.0,0.0,0.0,0.0,0.0,0.0,0.0,0.0,0.0,0.0,0.0,7.0,0.0,0.0,0.0,0.0,0.0,0.0,0.0,0.0,0.0,0.0,0.0,0.0,7.0,0.0,0.0,0.0,0.0,0.0,0.0,0.0,0.0,0.0,0.0,0.0,1,130
0.0,7.0,0.0,0.0,0.0,0.0,0.0,0.0,0.0,0.0,0.0,0.0,0.0,7.0,0.0,0.0,0.0,0.0,0.0,0.0,0.0,0.0,0.0,0.0,0.0,0.0,7.0,0.0,0.0,0.0,0.0,0.0,0.0,0.0,0.0,0.0,0.0,0.0,1,187
7.0,0.0,113.6,28.6,3.0,3.0,0.0,0.0,28.0,12.0,0.0,0.0,7.0,1.0,141.0,38.0,14.0,1.0,2.0,8.0,8.0,6.0,6.0,0.75,0.0,11.0,0.0,196.6,36.0,39.6,1.0,4.0,30.0,12.0,9.0,9.0,0.75,0.0,1,23
8.0,0.0,167.3,35.3,2.0,3.0,7.0,7.0,28.0,20.0,0.0,0.0,8.0,0.0,171.0,41.0,30.0,1.0,3.0,22.0,21.0,8.0,8.0,0.0,0.0,9.0,1.0,174.3,41.0,40.3,3.0,4.0,20.0,13.0,20.0,12.0,0.75,1.0,1,43
10.0,0.0,209.6,30.6,3.0,3.0,0.0,0.0,30.0,10.0,0.0,0.0,0.0,7.0,0.0,0.0,0.0,0.0,0.0,0.0,0.0,0.0,0.0,0.0,0.0,0.0,7.0,0.0,0.0,0.0,0.0,0.0,0.0,0.0,0.0,0.0,0.0,0.0,1,0
0.0,7.0,0.0,0.0,0.0,0.0,0.0,0.0,0.0,0.0,0.0,0.0,0.0,7.0,0.0,0.0,0.0,0.0,0.0,0.0,0.0,0.0,0.0,0.0,0.0,0.0,7.0,0.0,0.0,0.0,0.0,0.0,0.0,0.0,0.0,0.0,0.0,0.0,1,201
9.0,1.0,147.5,8.5,0.0,1.0,8.0,8.0,0.0,0.0,0.0,0.0,12.0,0.0,207.5,36.5,33.0,0.0,3.0,32.0,12.0,0.0,0.0,0.0,0.0,9.0,0.0,146.1,32.0,24.5,0.0,2.0,24.0,12.0,0.0,0.0,0.0,0.0,1,394
0.0,7.0,0.0,0.0,0.0,0.0,0.0,0.0,0.0,0.0,0.0,0.0,0.0,7.0,0.0,0.0,0.0,0.0,0.0,0.0,0.0,0.0,0.0,0.0,0.0,0.0,7.0,0.0,0.0,0.0,0.0,0.0,0.0,0.0,0.0,0.0,0.0,0.0,1,98
9.0,1.0,151.8,10.3,0.0,1.0,10.0,10.0,0.0,0.0,0.0,0.0,4.0,3.0,94.0,38.0,0.0,0.0,0.0,0.0,0.0,0.0,0.0,0.0,0.0,10.0,0.0,204.0,38.0,24.0,1.0,3.0,18.0,9.0,6.0,6.0,0.0,0.0,1,349
6.0,1.0,103.6,24.1,1.0,3.0,17.5,15.0,6.0,6.0,0.0,0.0,7.0,1.0,123.0,34.5,21.0,1.0,3.0,18.9,10.0,1.0,1.0,0.0,0.0,8.0,0.0,126.5,29.3,41.5,1.0,5.0,36.0,10.0,4.0,4.0,0.0,0.0,1,304
9.0,0.0,187.0,47.0,1.0,4.0,41.0,17.0,6.0,6.0,0.0,0.0,10.0,0.0,147.6,34.0,28.1,1.0,2.0,21.1,21.1,7.0,7.0,0.0,0.0,8.0,0.0,161.5,35.0,25.0,1.0,2.0,15.0,15.0,10.0,10.0,0.0,0.0,1,732
0.0,7.0,0.0,0.0,0.0,0.0,0.0,0.0,0.0,0.0,0.0,0.0,0.0,7.0,0.0,0.0,0.0,0.0,0.0,0.0,0.0,0.0,0.0,0.0,0.0,0.0,7.0,0.0,0.0,0.0,0.0,0.0,0.0,0.0,0.0,0.0,0.0,0.0,1,178
7.0,1.0,105.1,12.1,3.0,3.0,2.0,2.0,9.5,6.0,0.0,0.0,7.0,0.0,106.8,24.3,27.8,3.0,3.0,18.0,12.0,9.5,4.0,0.0,0.0,8.0,0.0,157.3,29.0,12.3,1.0,2.0,6.0,6.0,6.0,6.0,0.0,0.0,1,256
0.0,7.0,0.0,0.0,0.0,0.0,0.0,0.0,0.0,0.0,0.0,0.0,0.0,7.0,0.0,0.0,0.0,0.0,0.0,0.0,0.0,0.0,0.0,0.0,0.0,0.0,7.0,0.0,0.0,0.0,0.0,0.0,0.0,0.0,0.0,0.0,0.0,0.0,1,94
8.0,0.0,137.0,8.0,0.0,1.0,8.0,8.0,0.0,0.0,0.0,0.0,9.0,0.0,160.0,28.0,24.0,2.0,3.0,8.0,8.0,16.0,10.0,0.0,0.0,12.0,0.0,198.0,38.0,12.0,1.0,1.0,0.0,0.0,12.0,12.0,0.0,0.0,1,712
0.0,7.0,0.0,0.0,0.0,0.0,0.0,0.0,0.0,0.0,0.0,0.0,0.0,7.0,0.0,0.0,0.0,0.0,0.0,0.0,0.0,0.0,0.0,0.0,0.0,0.0,7.0,0.0,0.0,0.0,0.0,0.0,0.0,0.0,0.0,0.0,0.0,0.0,1,95
10.0,0.0,183.8,48.8,1.0,4.0,46.0,20.0,2.0,2.0,0.0,0.0,11.0,0.0,213.3,40.0,30.3,1.0,3.0,22.0,12.0,7.5,7.5,0.0,0.0,8.0,1.0,141.5,30.0,8.5,0.0,1.0,8.0,8.0,0.0,0.0,0.0,0.0,1,409
0.0,7.0,0.0,0.0,0.0,0.0,0.0,0.0,0.0,0.0,0.0,0.0,0.0,7.0,0.0,0.0,0.0,0.0,0.0,0.0,0.0,0.0,0.0,0.0,0.0,0.0,7.0,0.0,0.0,0.0,0.0,0.0,0.0,0.0,0.0,0.0,0.0,0.0,1,169
8.0,0.0,132.0,30.0,0.0,3.0,30.0,21.0,0.0,0.0,0.0,0.0,8.0,0.0,149.3,32.0,9.3,1.0,2.0,2.0,2.0,7.0,7.0,0.0,0.0,8.0,0.0,197.3,41.0,48.3,1.0,4.0,40.0,18.0,8.0,8.0,0.0,0.0,1,69
6.0,1.0,114.9,31.9,1.0,3.0,25.0,15.0,6.0,6.0,0.0,0.0,7.0,1.0,121.3,34.5,17.8,1.0,3.0,16.0,10.0,1.0,1.0,0.0,0.0,8.0,0.0,121.9,29.3,36.9,1.0,5.0,31.4,10.0,4.0,4.0,0.0,0.0,1,305
9.0,0.0,201.1,62.1,1.0,4.0,41.5,19.5,20.0,20.0,0.0,1.0,8.0,0.0,160.3,41.0,37.3,1.0,4.0,29.0,21.0,8.0,8.0,0.0,0.0,7.0,1.0,164.0,41.0,21.0,1.0,2.0,13.0,13.0,8.0,8.0,0.0,0.0,1,48
4.0,3.0,94.0,9.0,0.0,1.0,9.0,9.0,0.0,0.0,0.0,0.0,10.0,0.0,202.0,38.0,26.0,1.0,3.0,20.0,11.0,6.0,6.0,0.0,0.0,11.0,0.0,189.4,36.0,14.4,1.0,2.0,9.6,9.6,4.5,4.5,0.0,0.0,1,341
0.0,7.0,0.0,0.0,0.0,0.0,0.0,0.0,0.0,0.0,0.0,0.0,0.0,7.0,0.0,0.0,0.0,0.0,0.0,0.0,0.0,0.0,0.0,0.0,0.0,0.0,7.0,0.0,0.0,0.0,0.0,0.0,0.0,0.0,0.0,0.0,0.0,0.0,1,207
10.0,0.0,151.6,26.6,2.0,3.0,9.0,9.0,16.2,10.0,0.0,0.0,6.0,1.0,91.3,16.0,17.3,3.0,3.0,3.6,3.6,12.8,6.4,0.0,0.0,9.0,0.0,129.7,29.7,9.2,1.0,2.0,1.5,1.5,7.2,7.2,0.0,0.0,1,279
10.0,0.0,182.7,38.7,0.0,3.0,37.0,18.0,0.0,0.0,0.0,0.0,9.0,0.0,170.9,35.0,32.4,0.0,2.0,32.0,20.0,0.0,0.0,0.0,0.0,5.0,2.0,106.9,23.5,17.5,0.0,2.0,16.0,12.0,0.0,0.0,0.0,0.0,1,227
0.0,7.0,0.0,0.0,0.0,0.0,0.0,0.0,0.0,0.0,0.0,0.0,0.0,7.0,0.0,0.0,0.0,0.0,0.0,0.0,0.0,0.0,0.0,0.0,0.0,0.0,7.0,0.0,0.0,0.0,0.0,0.0,0.0,0.0,0.0,0.0,0.0,0.0,1,148
0.0,7.0,0.0,0.0,0.0,0.0,0.0,0.0,0.0,0.0,0.0,0.0,0.0,7.0,0.0,0.0,0.0,0.0,0.0,0.0,0.0,0.0,0.0,0.0,0.0,0.0,7.0,0.0,0.0,0.0,0.0,0.0,0.0,0.0,0.0,0.0,0.0,0.0,1,143
10.0,0.0,202.0,26.0,1.0,3.0,20.0,11.0,6.0,6.0,0.0,0.0,11.0,0.0,189.4,36.0,14.4,1.0,2.0,9.6,9.6,4.5,4.5,0.0,0.0,7.0,1.0,143.3,34.0,26.3,1.0,3.0,20.0,10.0,6.0,6.0,0.0,1.0,1,334
0.0,7.0,0.0,0.0,0.0,0.0,0.0,0.0,0.0,0.0,0.0,0.0,0.0,7.0,0.0,0.0,0.0,0.0,0.0,0.0,0.0,0.0,0.0,0.0,0.0,0.0,7.0,0.0,0.0,0.0,0.0,0.0,0.0,0.0,0.0,0.0,0.0,0.0,1,180
6.0,1.0,99.0,9.0,0.0,1.0,9.0,9.0,0.0,0.0,0.0,0.0,9.0,1.0,151.8,35.5,10.3,0.0,1.0,10.0,10.0,0.0,0.0,0.0,0.0,4.0,3.0,94.0,38.0,0.0,0.0,0.0,0.0,0.0,0.0,0.0,0.0,0.0,1,356
0.0,7.0,0.0,0.0,0.0,0.0,0.0,0.0,0.0,0.0,0.0,0.0,0.0,7.0,0.0,0.0,0.0,0.0,0.0,0.0,0.0,0.0,0.0,0.0,0.0,0.0,7.0,0.0,0.0,0.0,0.0,0.0,0.0,0.0,0.0,0.0,0.0,0.0,1,131
11.0,0.0,194.0,22.0,2.0,2.0,0.0,0.0,22.0,12.0,0.0,0.0,11.0,0.0,202.0,42.0,27.0,1.0,2.0,10.0,10.0,17.0,17.0,0.0,0.0,10.0,1.0,162.7,44.0,31.6,0.0,3.0,31.6,14.0,0.0,0.0,0.5,0.0,1,699
8.0,1.0,129.0,16.0,2.0,2.0,0.0,0.0,16.0,8.0,0.0,0.0,9.0,0.0,197.0,39.0,36.0,1.0,3.0,30.0,18.0,6.0,6.0,0.0,0.0,10.0,0.0,184.0,34.0,36.0,1.0,3.0,29.0,17.0,7.0,7.0,0.0,0.0,1,743
8.0,0.0,151.2,20.2,2.0,3.0,11.0,9.0,8.2,7.2,0.0,0.0,7.0,1.0,109.6,37.0,11.6,3.0,3.0,0.0,0.0,11.0,6.0,0.0,0.0,7.0,0.0,106.3,24.3,25.3,2.0,2.0,18.0,12.0,7.0,4.0,0.0,0.0,1,262
8.0,1.0,157.8,14.8,1.0,2.0,10.0,10.0,4.5,4.5,0.0,0.0,10.0,0.0,192.3,38.0,28.3,1.0,3.0,22.0,12.0,6.0,6.0,0.0,1.0,9.0,0.0,191.6,39.3,33.6,0.0,3.0,32.0,14.0,0.0,0.0,0.0,0.0,1,324
0.0,7.0,0.0,0.0,0.0,0.0,0.0,0.0,0.0,0.0,0.0,0.0,0.0,7.0,0.0,0.0,0.0,0.0,0.0,0.0,0.0,0.0,0.0,0.0,0.0,0.0,7.0,0.0,0.0,0.0,0.0,0.0,0.0,0.0,0.0,0.0,0.0,0.0,1,203
0.0,7.0,0.0,0.0,0.0,0.0,0.0,0.0,0.0,0.0,0.0,0.0,0.0,7.0,0.0,0.0,0.0,0.0,0.0,0.0,0.0,0.0,0.0,0.0,0.0,7.0,0.0,130.0,30.0,9.0,0.0,2.0,9.0,6.0,0.0,0.0,0.0,0.0,1,84
0.0,7.0,0.0,0.0,0.0,0.0,0.0,0.0,0.0,0.0,0.0,0.0,0.0,7.0,0.0,0.0,0.0,0.0,0.0,0.0,0.0,0.0,0.0,0.0,0.0,0.0,7.0,0.0,0.0,0.0,0.0,0.0,0.0,0.0,0.0,0.0,0.0,0.0,1,121
11.0,0.0,213.3,30.3,1.0,3.0,22.0,12.0,7.5,7.5,0.0,0.0,8.0,1.0,141.5,30.0,8.5,0.0,1.0,8.0,8.0,0.0,0.0,0.0,0.0,12.0,0.0,201.0,35.0,20.5,0.0,2.0,20.0,12.0,0.0,0.0,0.0,0.0,1,402
9.0,0.0,154.0,14.0,1.0,2.0,8.0,8.0,6.0,6.0,0.0,0.0,10.0,0.0,172.0,32.0,30.0,2.0,3.0,8.0,8.0,22.0,12.0,0.0,0.0,11.0,0.0,200.0,38.0,27.0,1.0,2.0,10.0,10.0,17.0,17.0,0.0,0.0,1,709
0.0,7.0,0.0,0.0,0.0,0.0,0.0,0.0,0.0,0.0,0.0,0.0,0.0,7.0,0.0,0.0,0.0,0.0,0.0,0.0,0.0,0.0,0.0,0.0,0.0,0.0,7.0,0.0,0.0,0.0,0.0,0.0,0.0,0.0,0.0,0.0,0.0,0.0,1,91
0.0,7.0,0.0,0.0,0.0,0.0,0.0,0.0,0.0,0.0,0.0,0.0,2.0,5.0,41.0,30.0,3.0,0.0,1.0,3.0,3.0,0.0,0.0,0.0,0.0,8.0,0.0,129.0,32.0,27.0,0.0,2.0,27.0,21.0,0.0,0.0,0.0,0.0,1,82
9.0,0.0,115.4,15.9,2.0,3.0,1.5,1.5,13.6,7.2,0.0,0.0,8.0,0.0,152.8,37.0,18.8,2.0,3.0,11.0,9.0,7.0,6.0,0.0,0.0,6.0,1.0,93.3,19.0,14.3,3.0,3.0,6.0,6.0,8.0,3.0,0.0,0.0,1,267
0.0,7.0,0.0,0.0,0.0,0.0,0.0,0.0,0.0,0.0,0.0,0.0,0.0,7.0,0.0,0.0,0.0,0.0,0.0,0.0,0.0,0.0,0.0,0.0,0.0,0.0,7.0,0.0,0.0,0.0,0.0,0.0,0.0,0.0,0.0,0.0,0.0,0.0,1,119
7.0,0.0,111.4,30.4,0.0,2.0,30.1,21.1,0.0,0.0,0.0,0.0,8.0,2.0,134.3,30.0,10.3,0.0,1.0,10.0,10.0,0.0,0.0,0.0,0.0,5.0,2.0,103.5,35.5,0.0,0.0,0.0,0.0,0.0,0.0,0.0,0.0,0.0,1,358
8.0,0.0,121.9,36.9,1.0,5.0,31.4,10.0,4.0,4.0,0.0,0.0,10.0,0.0,183.6,38.0,28.1,1.0,3.0,19.0,10.0,8.0,8.0,0.0,0.0,8.0,1.0,120.1,34.0,17.1,2.0,2.0,0.0,0.0,16.2,10.0,0.0,0.0,1,291
8.0,0.0,187.3,32.3,1.0,4.0,24.0,18.0,8.0,8.0,0.0,0.0,9.0,0.0,210.1,41.0,60.1,0.0,4.0,59.5,19.5,0.0,0.0,0.0,1.0,8.0,0.0,167.3,39.0,35.3,2.0,3.0,7.0,7.0,28.0,20.0,0.0,0.0,1,57
7.0,1.0,143.3,16.3,1.0,2.0,10.0,10.0,6.0,6.0,0.0,0.0,11.0,0.0,209.3,39.3,30.3,0.0,3.0,30.0,12.0,0.0,0.0,0.0,1.0,8.0,0.0,164.9,37.0,46.9,1.0,4.0,39.0,15.0,6.0,6.0,0.0,0.0,1,321
7.0,1.0,111.6,9.6,2.0,2.0,2.0,2.0,7.0,6.0,0.0,0.0,7.0,0.0,113.3,24.3,30.3,4.0,4.0,18.0,12.0,12.0,4.0,0.0,0.0,7.0,0.0,138.3,29.0,12.3,1.0,2.0,6.0,6.0,6.0,6.0,0.0,0.0,1,257
11.0,0.0,165.5,36.5,0.0,3.0,36.0,17.0,0.0,0.0,0.0,0.0,12.0,0.0,189.8,36.0,11.8,0.0,1.0,10.0,10.0,0.0,0.0,0.0,0.0,7.0,1.0,111.4,30.0,27.4,0.0,2.0,27.1,21.1,0.0,0.0,0.0,0.0,1,376
8.0,0.0,138.6,37.6,2.0,3.0,29.0,15.0,8.0,6.0,0.0,0.0,11.0,0.0,198.5,36.0,40.5,1.0,3.0,32.0,20.0,7.5,7.5,0.0,0.0,11.0,0.0,208.3,40.0,22.3,0.0,2.0,22.0,12.0,0.0,0.0,0.0,0.0,1,413
8.0,0.0,151.3,36.3,2.0,4.0,8.0,7.0,28.0,20.0,0.0,0.0,7.0,1.0,164.0,41.0,29.0,1.0,2.0,21.0,21.0,8.0,8.0,0.0,0.0,10.0,0.0,180.3,41.0,40.3,3.0,4.0,20.0,13.0,20.0,12.0,0.75,1.0,1,42
0.0,7.0,0.0,0.0,0.0,0.0,0.0,0.0,0.0,0.0,0.0,0.0,0.0,7.0,0.0,0.0,0.0,0.0,0.0,0.0,0.0,0.0,0.0,0.0,0.0,0.0,7.0,0.0,0.0,0.0,0.0,0.0,0.0,0.0,0.0,0.0,0.0,0.0,1,105
12.0,0.0,201.0,20.5,0.0,2.0,20.0,12.0,0.0,0.0,0.0,0.0,9.0,0.0,157.6,36.5,37.0,0.0,3.0,36.0,12.0,0.0,0.0,0.0,0.0,11.0,0.0,182.5,38.0,34.5,0.0,3.0,34.0,17.0,0.0,0.0,0.0,0.0,1,388
9.0,0.0,153.0,8.0,0.0,1.0,8.0,8.0,0.0,0.0,0.0,0.0,9.0,0.0,158.0,26.0,24.0,2.0,3.0,8.0,8.0,16.0,10.0,0.0,0.0,12.0,0.0,205.0,38.0,22.0,1.0,2.0,10.0,10.0,12.0,12.0,0.0,0.0,1,711
6.0,1.0,82.9,10.9,2.0,2.0,3.6,3.6,6.4,4.0,0.0,0.0,9.0,0.0,115.4,29.7,15.9,2.0,3.0,1.5,1.5,13.6,7.2,0.0,0.0,8.0,0.0,151.8,37.0,18.8,2.0,3.0,11.0,9.0,7.0,6.0,0.0,0.0,1,273
9.0,0.0,156.3,36.3,1.0,3.0,34.0,20.0,2.0,2.0,0.0,0.0,10.0,0.0,204.5,40.0,32.5,1.0,3.0,24.0,12.0,7.5,7.5,0.0,0.0,10.0,1.0,162.3,34.3,10.3,0.0,1.0,10.0,10.0,0.0,0.0,0.0,0.0,1,411
8.0,0.0,167.3,45.3,2.0,5.0,29.0,21.0,16.0,8.0,0.0,0.0,9.0,1.0,175.0,41.0,28.0,2.0,3.0,20.0,13.0,8.0,6.0,0.75,1.0,8.0,0.0,121.6,38.0,28.6,3.0,3.0,0.0,0.0,28.0,12.0,0.0,0.0,1,38
11.0,0.0,187.0,29.0,0.0,3.0,28.0,12.0,0.0,0.0,0.0,0.0,10.0,0.0,180.1,36.5,37.0,0.0,3.0,36.0,12.0,0.0,0.0,0.0,0.0,11.0,0.0,172.0,38.0,24.0,0.0,2.0,24.0,17.0,0.0,0.0,0.0,0.0,1,389
9.0,0.0,203.6,56.6,1.0,4.0,48.0,18.0,8.0,8.0,0.0,1.0,8.0,0.0,180.8,38.0,49.8,1.0,3.0,29.5,19.5,20.0,20.0,0.0,0.0,8.0,0.0,173.3,41.0,37.3,1.0,4.0,29.0,21.0,8.0,8.0,0.0,0.0,1,53
8.0,0.0,150.5,23.0,0.0,2.0,23.0,15.0,0.0,0.0,0.0,0.0,9.0,0.0,154.0,30.0,14.0,1.0,2.0,8.0,8.0,6.0,6.0,0.0,0.0,11.0,0.0,194.0,38.0,22.0,2.0,2.0,0.0,0.0,22.0,12.0,0.0,0.0,1,715
0.0,7.0,0.0,0.0,0.0,0.0,0.0,0.0,0.0,0.0,0.0,0.0,0.0,7.0,0.0,0.0,0.0,0.0,0.0,0.0,0.0,0.0,0.0,0.0,0.0,0.0,7.0,0.0,0.0,0.0,0.0,0.0,0.0,0.0,0.0,0.0,0.0,0.0,1,128
8.0,0.0,126.5,41.5,1.0,5.0,36.0,10.0,4.0,4.0,0.0,0.0,10.0,0.0,183.6,38.0,28.1,2.0,3.0,9.0,9.0,18.0,10.0,0.0,0.0,8.0,1.0,116.1,34.0,13.1,2.0,2.0,3.6,3.6,8.6,6.2,0.0,0.0,1,290
10.0,0.0,180.3,40.3,3.0,4.0,20.0,13.0,20.0,12.0,0.75,1.0,7.0,0.0,124.3,30.0,22.3,3.0,3.0,0.0,0.0,22.0,10.0,0.0,0.0,8.0,1.0,155.3,38.0,20.3,0.0,2.0,20.0,12.0,0.0,0.0,0.75,0.0,1,28
0.0,7.0,0.0,0.0,0.0,0.0,0.0,0.0,0.0,0.0,0.0,0.0,0.0,7.0,0.0,0.0,0.0,0.0,0.0,0.0,0.0,0.0,0.0,0.0,0.0,0.0,7.0,0.0,0.0,0.0,0.0,0.0,0.0,0.0,0.0,0.0,0.0,0.0,1,183
12.0,0.0,185.8,11.8,0.0,1.0,10.0,10.0,0.0,0.0,0.0,0.0,8.0,1.0,136.4,30.0,27.4,0.0,2.0,27.1,21.1,0.0,0.0,0.0,0.0,6.0,1.0,99.0,30.0,9.0,0.0,1.0,9.0,9.0,0.0,0.0,0.0,0.0,1,370
0.0,7.0,0.0,0.0,0.0,0.0,0.0,0.0,0.0,0.0,0.0,0.0,0.0,7.0,0.0,0.0,0.0,0.0,0.0,0.0,0.0,0.0,0.0,0.0,0.0,0.0,7.0,0.0,0.0,0.0,0.0,0.0,0.0,0.0,0.0,0.0,0.0,0.0,1,163
0.0,7.0,0.0,0.0,0.0,0.0,0.0,0.0,0.0,0.0,0.0,0.0,0.0,7.0,0.0,0.0,0.0,0.0,0.0,0.0,0.0,0.0,0.0,0.0,0.0,0.0,7.0,0.0,0.0,0.0,0.0,0.0,0.0,0.0,0.0,0.0,0.0,0.0,1,151
7.0,0.0,114.3,6.3,1.0,1.0,0.0,0.0,6.0,6.0,0.0,0.0,8.0,0.0,151.1,29.0,32.1,0.0,4.0,31.8,10.0,0.0,0.0,0.0,0.0,8.0,0.0,162.6,30.3,39.6,0.0,3.0,39.0,20.0,0.0,0.0,0.0,0.0,1,244
0.0,7.0,0.0,0.0,0.0,0.0,0.0,0.0,0.0,0.0,0.0,0.0,0.0,7.0,0.0,0.0,0.0,0.0,0.0,0.0,0.0,0.0,0.0,0.0,0.0,0.0,7.0,0.0,0.0,0.0,0.0,0.0,0.0,0.0,0.0,0.0,0.0,0.0,1,202
9.0,1.0,175.0,28.0,2.0,3.0,20.0,13.0,8.0,6.0,0.75,1.0,8.0,0.0,121.6,38.0,28.6,3.0,3.0,0.0,0.0,28.0,12.0,0.0,0.0,7.0,1.0,148.0,38.0,14.0,1.0,2.0,8.0,8.0,6.0,6.0,0.75,0.0,1,31
8.0,1.0,175.0,30.0,2.0,3.0,20.0,13.0,10.0,8.0,0.0,1.0,9.0,0.0,121.3,38.0,28.3,3.0,3.0,0.0,0.0,28.0,12.0,0.75,0.0,6.0,1.0,141.3,38.0,12.3,2.0,2.0,0.0,0.0,12.0,6.0,0.0,0.0,1,32
0.0,7.0,0.0,0.0,0.0,0.0,0.0,0.0,0.0,0.0,0.0,0.0,0.0,7.0,0.0,0.0,0.0,0.0,0.0,0.0,0.0,0.0,0.0,0.0,0.0,0.0,7.0,0.0,0.0,0.0,0.0,0.0,0.0,0.0,0.0,0.0,0.0,0.0,1,127
0.0,7.0,0.0,0.0,0.0,0.0,0.0,0.0,0.0,0.0,0.0,0.0,0.0,7.0,0.0,0.0,0.0,0.0,0.0,0.0,0.0,0.0,0.0,0.0,0.0,0.0,7.0,0.0,0.0,0.0,0.0,0.0,0.0,0.0,0.0,0.0,0.0,0.0,1,185
8.0,0.0,154.5,15.0,0.0,1.0,15.0,15.0,0.0,0.0,0.0,0.0,9.0,0.0,154.0,30.0,14.0,1.0,2.0,8.0,8.0,6.0,6.0,0.0,0.0,10.0,0.0,172.0,32.0,30.0,2.0,3.0,8.0,8.0,22.0,12.0,0.0,0.0,1,716
10.0,0.0,165.0,45.5,1.0,5.0,36.0,10.0,8.0,8.0,0.0,0.0,10.0,0.0,172.3,34.0,26.3,2.0,3.0,9.0,9.0,16.2,10.0,0.0,0.0,6.0,1.0,85.9,19.0,10.9,2.0,2.0,3.6,3.6,6.4,4.0,0.0,0.0,1,288
11.0,0.0,184.3,22.3,0.0,2.0,22.0,12.0,0.0,0.0,0.0,0.0,9.0,1.0,167.0,35.0,17.0,0.0,2.0,16.0,8.0,0.0,0.0,0.0,0.0,11.0,0.0,175.6,36.5,36.5,0.0,3.0,36.0,12.0,0.0,0.0,0.0,0.0,1,398
9.0,0.0,160.0,24.0,2.0,3.0,8.0,8.0,16.0,10.0,0.0,0.0,12.0,0.0,198.0,38.0,12.0,1.0,1.0,0.0,0.0,12.0,12.0,0.0,0.0,11.0,0.0,222.0,44.0,41.0,1.0,3.0,24.0,14.0,17.0,17.0,0.0,0.0,1,705
0.0,7.0,0.0,0.0,0.0,0.0,0.0,0.0,0.0,0.0,0.0,0.0,0.0,7.0,0.0,0.0,0.0,0.0,0.0,0.0,0.0,0.0,0.0,0.0,0.0,0.0,7.0,0.0,0.0,0.0,0.0,0.0,0.0,0.0,0.0,0.0,0.0,0.0,1,147
10.0,0.0,182.9,36.4,1.0,4.0,27.0,10.0,8.0,8.0,0.0,0.0,9.0,1.0,134.1,34.0,17.1,2.0,2.0,0.0,0.0,16.2,10.0,0.0,0.0,7.0,0.0,95.3,16.0,17.3,3.0,3.0,3.6,3.6,12.8,6.4,0.0,0.0,1,285
8.0,0.0,154.0,23.0,0.0,2.0,23.0,15.0,0.0,0.0,0.0,0.0,9.0,0.0,148.0,28.0,14.0,1.0,2.0,8.0,8.0,6.0,6.0,0.0,0.0,11.0,0.0,194.0,38.0,22.0,2.0,2.0,0.0,0.0,22.0,12.0,0.0,0.0,1,713
0.0,7.0,0.0,0.0,0.0,0.0,0.0,0.0,0.0,0.0,0.0,0.0,0.0,7.0,0.0,0.0,0.0,0.0,0.0,0.0,0.0,0.0,0.0,0.0,0.0,0.0,7.0,0.0,0.0,0.0,0.0,0.0,0.0,0.0,0.0,0.0,0.0,0.0,1,177
0.0,7.0,0.0,0.0,0.0,0.0,0.0,0.0,0.0,0.0,0.0,0.0,0.0,7.0,0.0,0.0,0.0,0.0,0.0,0.0,0.0,0.0,0.0,0.0,0.0,0.0,7.0,0.0,0.0,0.0,0.0,0.0,0.0,0.0,0.0,0.0,0.0,0.0,1,99
8.0,1.0,166.0,18.0,0.0,2.0,18.0,9.0,0.0,0.0,0.0,0.0,11.0,0.0,199.6,38.0,26.6,1.0,3.0,20.6,11.0,6.0,6.0,0.0,0.0,8.0,1.0,157.8,36.0,14.8,1.0,2.0,10.0,10.0,4.5,4.5,0.0,0.0,1,338
10.0,0.0,204.0,24.0,1.0,3.0,18.0,9.0,6.0,6.0,0.0,0.0,11.0,0.0,192.4,36.0,25.4,1.0,3.0,20.6,11.0,4.5,4.5,0.0,0.0,7.0,1.0,143.3,34.0,16.3,1.0,2.0,10.0,10.0,6.0,6.0,0.0,0.0,1,335
0.0,7.0,0.0,0.0,0.0,0.0,0.0,0.0,0.0,0.0,0.0,0.0,0.0,7.0,0.0,0.0,0.0,0.0,0.0,0.0,0.0,0.0,0.0,0.0,0.0,0.0,7.0,0.0,0.0,0.0,0.0,0.0,0.0,0.0,0.0,0.0,0.0,0.0,1,197
7.0,0.0,138.3,12.3,1.0,2.0,6.0,6.0,6.0,6.0,0.0,0.0,8.0,0.0,152.4,30.3,46.4,0.0,4.0,45.8,20.0,0.0,0.0,0.0,0.0,8.0,0.0,163.7,31.4,38.7,0.0,3.0,37.0,18.0,0.0,0.0,0.0,0.0,1,243
0.0,7.0,0.0,0.0,0.0,0.0,0.0,0.0,0.0,0.0,0.0,0.0,0.0,7.0,0.0,0.0,0.0,0.0,0.0,0.0,0.0,0.0,0.0,0.0,0.0,0.0,7.0,0.0,0.0,0.0,0.0,0.0,0.0,0.0,0.0,0.0,0.0,0.0,1,115
10.0,0.0,204.5,32.5,1.0,3.0,24.0,12.0,7.5,7.5,0.0,0.0,10.0,1.0,162.3,34.3,10.3,0.0,1.0,10.0,10.0,0.0,0.0,0.0,0.0,10.0,0.0,191.0,35.0,29.0,0.0,3.0,28.0,12.0,0.0,0.0,0.0,0.0,1,404
9.0,0.0,129.7,9.2,1.0,2.0,1.5,1.5,7.2,7.2,0.0,0.0,8.0,0.0,131.1,37.0,19.1,2.0,3.0,11.0,9.0,7.0,6.0,0.0,0.0,6.0,1.0,108.3,24.3,30.3,4.0,4.0,18.0,12.0,12.0,4.0,0.0,0.0,1,265
5.0,2.0,101.0,3.0,0.0,1.0,3.0,3.0,0.0,0.0,0.0,0.0,9.0,0.0,139.0,32.0,27.0,0.0,2.0,27.0,21.0,0.0,0.0,0.0,0.0,8.0,0.0,186.3,37.0,31.3,1.0,4.0,24.0,18.0,7.0,7.0,0.0,0.0,1,72
10.0,0.0,195.0,26.0,1.0,3.0,20.0,11.0,6.0,6.0,0.0,0.0,10.0,0.0,183.4,36.0,14.4,1.0,2.0,9.6,9.6,4.5,4.5,0.0,0.0,8.0,1.0,154.3,34.0,26.3,1.0,3.0,20.0,10.0,6.0,6.0,0.0,1.0,1,333
9.0,0.0,121.3,28.3,3.0,3.0,0.0,0.0,28.0,12.0,0.75,0.0,6.0,1.0,141.3,38.0,12.3,2.0,2.0,0.0,0.0,12.0,6.0,0.0,0.0,10.0,0.0,187.3,35.0,38.3,0.0,4.0,38.0,12.0,0.0,0.0,0.75,0.0,1,25
0.0,7.0,0.0,0.0,0.0,0.0,0.0,0.0,0.0,0.0,0.0,0.0,0.0,7.0,0.0,0.0,0.0,0.0,0.0,0.0,0.0,0.0,0.0,0.0,0.0,0.0,7.0,0.0,0.0,0.0,0.0,0.0,0.0,0.0,0.0,0.0,0.0,0.0,1,165
8.0,1.0,173.0,24.0,1.0,3.0,18.0,9.0,6.0,6.0,0.0,0.0,12.0,0.0,209.4,38.0,25.4,1.0,3.0,20.6,11.0,4.5,4.5,0.0,0.0,7.0,1.0,147.3,36.0,16.3,1.0,2.0,10.0,10.0,6.0,6.0,0.0,0.0,1,337
10.0,0.0,184.0,36.0,1.0,3.0,29.0,17.0,7.0,7.0,0.0,0.0,9.0,0.0,149.6,34.0,31.1,1.0,2.0,21.1,21.1,10.0,10.0,0.0,0.0,8.0,0.0,150.5,35.0,23.0,0.0,2.0,23.0,15.0,0.0,0.0,0.0,0.0,1,729
0.0,7.0,0.0,0.0,0.0,0.0,0.0,0.0,0.0,0.0,0.0,0.0,0.0,7.0,0.0,0.0,0.0,0.0,0.0,0.0,0.0,0.0,0.0,0.0,0.0,0.0,7.0,0.0,0.0,0.0,0.0,0.0,0.0,0.0,0.0,0.0,0.0,0.0,1,174
9.0,0.0,186.0,48.0,1.0,4.0,41.0,17.0,7.0,7.0,0.0,0.0,9.0,0.0,139.6,34.0,21.1,0.0,1.0,21.1,21.1,0.0,0.0,0.0,0.0,9.0,0.0,167.5,35.0,25.0,1.0,2.0,15.0,15.0,10.0,10.0,0.0,0.0,1,731
8.0,0.0,173.3,37.3,1.0,4.0,29.0,21.0,8.0,8.0,0.0,0.0,8.0,1.0,175.0,41.0,30.0,2.0,3.0,20.0,13.0,10.0,8.0,0.0,1.0,9.0,0.0,121.3,38.0,28.3,3.0,3.0,0.0,0.0,28.0,12.0,0.75,0.0,1,39
0.0,7.0,0.0,0.0,0.0,0.0,0.0,0.0,0.0,0.0,0.0,0.0,0.0,7.0,0.0,0.0,0.0,0.0,0.0,0.0,0.0,0.0,0.0,0.0,0.0,0.0,7.0,0.0,0.0,0.0,0.0,0.0,0.0,0.0,0.0,0.0,0.0,0.0,1,193
11.0,0.0,209.3,30.3,0.0,3.0,30.0,12.0,0.0,0.0,0.0,1.0,8.0,0.0,164.9,37.0,46.9,1.0,4.0,39.0,15.0,6.0,6.0,0.0,0.0,5.0,2.0,80.8,30.0,7.3,1.0,2.0,6.0,3.5,1.0,1.0,0.0,0.0,1,314
9.0,1.0,157.3,10.3,0.0,1.0,10.0,10.0,0.0,0.0,0.0,0.0,11.0,0.0,187.0,35.0,29.0,0.0,3.0,28.0,12.0,0.0,0.0,0.0,0.0,10.0,0.0,180.1,36.5,37.0,0.0,3.0,36.0,12.0,0.0,0.0,0.0,0.0,1,396
0.0,7.0,0.0,0.0,0.0,0.0,0.0,0.0,0.0,0.0,0.0,0.0,0.0,7.0,0.0,0.0,0.0,0.0,0.0,0.0,0.0,0.0,0.0,0.0,0.0,3.0,4.0,57.0,30.0,3.0,0.0,1.0,3.0,3.0,0.0,0.0,0.0,0.0,1,88
7.0,0.0,130.0,9.0,0.0,2.0,9.0,6.0,0.0,0.0,0.0,0.0,9.0,0.0,149.3,32.0,28.3,1.0,2.0,21.0,21.0,7.0,7.0,0.0,0.0,8.0,0.0,188.3,37.0,32.3,1.0,4.0,24.0,18.0,8.0,8.0,0.0,0.0,1,70
0.0,7.0,0.0,0.0,0.0,0.0,0.0,0.0,0.0,0.0,0.0,0.0,0.0,7.0,0.0,0.0,0.0,0.0,0.0,0.0,0.0,0.0,0.0,0.0,0.0,4.0,3.0,78.0,30.0,3.0,0.0,1.0,3.0,3.0,0.0,0.0,0.0,0.0,1,87
7.0,0.0,108.6,28.6,1.0,4.0,23.4,10.0,4.0,4.0,0.0,0.0,10.0,0.0,182.9,38.0,36.4,1.0,4.0,27.0,10.0,8.0,8.0,0.0,0.0,9.0,1.0,134.1,34.0,17.1,2.0,2.0,0.0,0.0,16.2,10.0,0.0,0.0,1,292
8.0,0.0,157.3,12.3,1.0,2.0,6.0,6.0,6.0,6.0,0.0,0.0,7.0,0.0,139.4,30.3,46.4,0.0,4.0,45.8,20.0,0.0,0.0,0.0,0.0,9.0,0.0,176.7,31.4,38.7,0.0,3.0,37.0,18.0,0.0,0.0,0.0,0.0,1,242
8.0,1.0,120.1,17.1,2.0,2.0,0.0,0.0,16.2,10.0,0.0,0.0,7.0,0.0,91.3,16.0,17.3,3.0,3.0,3.6,3.6,12.8,6.4,0.0,0.0,9.0,0.0,156.2,29.7,18.7,1.0,3.0,10.5,9.0,7.2,7.2,0.0,0.0,1,277
3.0,4.0,67.5,13.5,0.0,1.0,12.0,12.0,0.0,0.0,0.0,0.0,0.0,7.0,0.0,0.0,0.0,0.0,0.0,0.0,0.0,0.0,0.0,0.0,0.0,0.0,7.0,0.0,0.0,0.0,0.0,0.0,0.0,0.0,0.0,0.0,0.0,0.0,1,211
11.0,0.0,196.6,39.6,1.0,4.0,30.0,12.0,9.0,9.0,0.75,0.0,10.0,0.0,197.3,37.0,32.3,2.0,3.0,12.0,12.0,20.0,10.0,0.0,0.0,3.0,5.0,64.3,42.3,10.3,1.0,1.0,0.0,0.0,10.0,10.0,0.0,0.0,1,9
7.0,0.0,125.4,36.4,0.0,3.0,36.1,21.1,0.0,0.0,0.0,0.0,7.0,2.0,116.3,30.0,10.3,0.0,1.0,10.0,10.0,0.0,0.0,0.0,0.0,6.0,2.0,115.5,35.5,0.0,0.0,0.0,0.0,0.0,0.0,0.0,0.0,0.0,1,359
0.0,7.0,0.0,0.0,0.0,0.0,0.0,0.0,0.0,0.0,0.0,0.0,0.0,7.0,0.0,0.0,0.0,0.0,0.0,0.0,0.0,0.0,0.0,0.0,0.0,0.0,7.0,0.0,0.0,0.0,0.0,0.0,0.0,0.0,0.0,0.0,0.0,0.0,1,195
6.0,1.0,108.3,30.3,4.0,4.0,18.0,12.0,12.0,4.0,0.0,0.0,7.0,0.0,114.3,27.0,6.3,1.0,1.0,0.0,0.0,6.0,6.0,0.0,0.0,8.0,0.0,151.1,29.0,32.1,0.0,4.0,31.8,10.0,0.0,0.0,0.0,0.0,1,251
7.0,1.0,147.3,16.3,1.0,2.0,10.0,10.0,6.0,6.0,0.0,0.0,11.0,0.0,211.3,39.3,30.3,0.0,3.0,30.0,12.0,0.0,0.0,0.0,1.0,8.0,0.0,173.6,37.0,31.6,1.0,3.0,24.0,14.0,6.0,6.0,0.0,0.0,1,323
0.0,7.0,0.0,0.0,0.0,0.0,0.0,0.0,0.0,0.0,0.0,0.0,0.0,7.0,0.0,0.0,0.0,0.0,0.0,0.0,0.0,0.0,0.0,0.0,0.0,0.0,7.0,0.0,0.0,0.0,0.0,0.0,0.0,0.0,0.0,0.0,0.0,0.0,1,192
0.0,7.0,0.0,0.0,0.0,0.0,0.0,0.0,0.0,0.0,0.0,0.0,0.0,7.0,0.0,0.0,0.0,0.0,0.0,0.0,0.0,0.0,0.0,0.0,0.0,0.0,7.0,0.0,0.0,0.0,0.0,0.0,0.0,0.0,0.0,0.0,0.0,0.0,1,117
9.0,0.0,190.8,49.8,1.0,3.0,29.5,19.5,20.0,20.0,0.0,0.0,8.0,0.0,173.3,41.0,37.3,1.0,4.0,29.0,21.0,8.0,8.0,0.0,0.0,7.0,1.0,160.0,41.0,30.0,2.0,3.0,20.0,13.0,10.0,8.0,0.0,1.0,1,47
0.0,7.0,0.0,0.0,0.0,0.0,0.0,0.0,0.0,0.0,0.0,0.0,0.0,7.0,0.0,0.0,0.0,0.0,0.0,0.0,0.0,0.0,0.0,0.0,0.0,0.0,7.0,0.0,0.0,0.0,0.0,0.0,0.0,0.0,0.0,0.0,0.0,0.0,1,172
